#pragma once

/**
 * Copyright (C) 2013 Jorge Jimenez (jorge@iryoku.com)
 * Copyright (C) 2013 Jose I. Echevarria (joseignacioechevarria@gmail.com)
 * Copyright (C) 2013 Belen Masia (bmasia@unizar.es)
 * Copyright (C) 2013 Fernando Navarro (fernandn@microsoft.com)
 * Copyright (C) 2013 Diego Gutierrez (diegog@unizar.es)
 *
 * Permission is hereby granted, free of charge, to any person obtaining a copy
 * this software and associated documentation files (the "Software"), to deal in
 * the Software without restriction, including without limitation the rights to
 * use, copy, modify, merge, publish, distribute, sublicense, and/or sell copies
 * of the Software, and to permit persons to whom the Software is furnished to
 * do so, subject to the following conditions:
 *
 * The above copyright notice and this permission notice shall be included in
 * all copies or substantial portions of the Software. As clarification, there
 * is no requirement that the copyright notice and permission be included in
 * binary distributions of the Software.
 *
 * THE SOFTWARE IS PROVIDED "AS IS", WITHOUT WARRANTY OF ANY KIND, EXPRESS OR
 * IMPLIED, INCLUDING BUT NOT LIMITED TO THE WARRANTIES OF MERCHANTABILITY,
 * FITNESS FOR A PARTICULAR PURPOSE AND NONINFRINGEMENT. IN NO EVENT SHALL THE
 * AUTHORS OR COPYRIGHT HOLDERS BE LIABLE FOR ANY CLAIM, DAMAGES OR OTHER
 * LIABILITY, WHETHER IN AN ACTION OF CONTRACT, TORT OR OTHERWISE, ARISING FROM,
 * OUT OF OR IN CONNECTION WITH THE SOFTWARE OR THE USE OR OTHER DEALINGS IN THE
 * SOFTWARE.
 */

// Lookup textures of SMAA (https://github.com/iryoku/smaa), as generated in Textures/AreaTex.h and Textures/SearchTex.h

// Area texture: 160x560 in D3DFMT_A8L8
static const unsigned int SMAA_AREATEX_WIDTH = 160;
static const unsigned int SMAA_AREATEX_HEIGHT = 560;
static const unsigned int SMAA_AREATEX_ROWS = 80;

static const unsigned char g_SMAAAreaTex[] = 
{
	0x00, 0x00, 0x00, 0x00, 0x00, 0x00, 0x00, 0x00, 0x00, 0x00, 0x00, 0x00,
	0x00, 0x00, 0x00, 0x00, 0x00, 0x00, 0x00, 0x00, 0x00, 0x00, 0x00, 0x00,
	0x00, 0x00, 0x00, 0x00, 0x00, 0x00, 0x00, 0x00, 0x00, 0x1F, 0x00, 0x00,
	0x00, 0x00, 0x00, 0x00, 0x00, 0x00, 0x00, 0x00, 0x00, 0x00, 0x00, 0x00,
	0x00, 0x00, 0x00, 0x00, 0x00, 0x00, 0x00, 0x00, 0x00, 0x00, 0x00, 0x00,
	0x00, 0x00, 0x00, 0x00, 0x00, 0x00, 0x00, 0x00, 0x00, 0x00, 0x00, 0x00,
	0x00, 0x00, 0x00, 0x00, 0x00, 0x00, 0x00, 0x00, 0x00, 0x00, 0x00, 0x00,
	0x00, 0x00, 0x00, 0x00, 0x00, 0x00, 0x00, 0x00, 0x00, 0x00, 0x00, 0x00,
	0x1F, 0x00, 0x00, 0x00, 0x00, 0x00, 0x00, 0x00, 0x00, 0x00, 0x00, 0x00,
	0x00, 0x00, 0x00, 0x00, 0x00, 0x00, 0x00, 0x00, 0x00, 0x00, 0x00, 0x00,
	0x00, 0x00, 0x00, 0x00, 0x00, 0x00, 0x00, 0x00, 0x00, 0x00, 0x00, 0x00,
	0x00, 0x00, 0x00, 0x00, 0x00, 0x00, 0x00, 0x00, 0x00, 0x00, 0x00, 0x00,
	0x00, 0x00, 0x00, 0x00, 0x00, 0x00, 0x00, 0x00, 0x00, 0x00, 0x00, 0x00,
	0x00, 0x00, 0x00, 0x00, 0x40, 0x3D, 0x41, 0x3D, 0x42, 0x3D, 0x41, 0x3D,
	0x42, 0x3D, 0x42, 0x3D, 0x42, 0x3D, 0x41, 0x3D, 0x42, 0x3D, 0x42, 0x3D,
	0x42, 0x3D, 0x42, 0x3D, 0x42, 0x3D, 0x42, 0x3D, 0x42, 0x3D, 0x41, 0x3D,
	0x42, 0x3D, 0x42, 0x3D, 0x42, 0x3D, 0x42, 0x3D, 0x44, 0x7B, 0x41, 0x5D,
	0x42, 0x54, 0x41, 0x4F, 0x42, 0x4B, 0x42, 0x49, 0x42, 0x48, 0x41, 0x47,
	0x42, 0x46, 0x42, 0x45, 0x42, 0x45, 0x42, 0x44, 0x42, 0x44, 0x42, 0x44,
	0x42, 0x43, 0x41, 0x43, 0x42, 0x43, 0x42, 0x43, 0x42, 0x43, 0x42, 0x43,
	0x04, 0x7F, 0x22, 0x3D, 0x2B, 0x3D, 0x30, 0x3D, 0x33, 0x3D, 0x35, 0x3D,
	0x37, 0x3D, 0x38, 0x3D, 0x39, 0x3D, 0x39, 0x3D, 0x3A, 0x3D, 0x3A, 0x3D,
	0x3B, 0x3D, 0x3B, 0x3D, 0x3B, 0x3D, 0x3C, 0x3D, 0x3C, 0x3D, 0x3C, 0x3D,
	0x3C, 0x3D, 0x3C, 0x3D, 0x40, 0x7F, 0x41, 0x3D, 0x42, 0x3D, 0x41, 0x3D,
	0x42, 0x3D, 0x42, 0x3D, 0x42, 0x3D, 0x41, 0x3D, 0x42, 0x3D, 0x42, 0x3D,
	0x42, 0x3D, 0x42, 0x3D, 0x42, 0x3D, 0x42, 0x3D, 0x42, 0x3D, 0x41, 0x3D,
	0x42, 0x3D, 0x42, 0x3D, 0x42, 0x3D, 0x42, 0x3D, 0x00, 0x00, 0x00, 0x00,
	0x00, 0x00, 0x00, 0x00, 0x00, 0x00, 0x00, 0x00, 0x00, 0x00, 0x00, 0x00,
	0x00, 0x00, 0x00, 0x00, 0x00, 0x00, 0x00, 0x00, 0x00, 0x00, 0x00, 0x00,
	0x00, 0x00, 0x00, 0x00, 0x00, 0x3F, 0x00, 0x0A, 0x00, 0x00, 0x00, 0x00,
	0x00, 0x00, 0x00, 0x00, 0x00, 0x00, 0x00, 0x00, 0x00, 0x00, 0x00, 0x00,
	0x00, 0x00, 0x00, 0x00, 0x00, 0x00, 0x00, 0x00, 0x00, 0x00, 0x00, 0x00,
	0x00, 0x00, 0x00, 0x00, 0x00, 0x00, 0x00, 0x00, 0x00, 0x00, 0x00, 0x00,
	0x00, 0x00, 0x00, 0x00, 0x00, 0x00, 0x00, 0x00, 0x00, 0x00, 0x00, 0x00,
	0x00, 0x00, 0x00, 0x00, 0x00, 0x00, 0x00, 0x00, 0x3F, 0x00, 0x0A, 0x00,
	0x00, 0x00, 0x00, 0x00, 0x00, 0x00, 0x00, 0x00, 0x00, 0x00, 0x00, 0x00,
	0x00, 0x00, 0x00, 0x00, 0x00, 0x00, 0x00, 0x00, 0x00, 0x00, 0x00, 0x00,
	0x00, 0x00, 0x00, 0x00, 0x00, 0x00, 0x00, 0x00, 0x00, 0x00, 0x00, 0x00,
	0x00, 0x00, 0x00, 0x00, 0x00, 0x00, 0x00, 0x00, 0x00, 0x00, 0x00, 0x00,
	0x00, 0x00, 0x00, 0x00, 0x00, 0x00, 0x00, 0x00, 0x00, 0x00, 0x00, 0x00,
	0x41, 0x3D, 0x41, 0x3D, 0x42, 0x3D, 0x41, 0x3D, 0x42, 0x3D, 0x42, 0x3D,
	0x42, 0x3D, 0x41, 0x3D, 0x42, 0x3D, 0x42, 0x3D, 0x42, 0x3D, 0x42, 0x3D,
	0x42, 0x3D, 0x42, 0x3D, 0x42, 0x3D, 0x41, 0x3D, 0x42, 0x3D, 0x42, 0x3D,
	0x42, 0x3D, 0x42, 0x3D, 0x62, 0x20, 0x4D, 0x2A, 0x48, 0x30, 0x44, 0x33,
	0x44, 0x35, 0x44, 0x36, 0x43, 0x37, 0x42, 0x38, 0x43, 0x39, 0x42, 0x39,
	0x42, 0x3A, 0x42, 0x3A, 0x42, 0x3B, 0x42, 0x3B, 0x42, 0x3B, 0x41, 0x3B,
	0x42, 0x3C, 0x42, 0x3C, 0x42, 0x3C, 0x42, 0x3C, 0x00, 0x5D, 0x0C, 0x49,
	0x16, 0x43, 0x1D, 0x41, 0x22, 0x40, 0x26, 0x3F, 0x29, 0x3F, 0x2C, 0x3F,
	0x2E, 0x3E, 0x2F, 0x3E, 0x31, 0x3E, 0x32, 0x3E, 0x33, 0x3E, 0x33, 0x3E,
	0x34, 0x3E, 0x35, 0x3E, 0x35, 0x3E, 0x36, 0x3E, 0x37, 0x3E, 0x37, 0x3E,
	0x41, 0x3D, 0x41, 0x3D, 0x42, 0x3D, 0x41, 0x3D, 0x42, 0x3D, 0x42, 0x3D,
	0x42, 0x3D, 0x41, 0x3D, 0x42, 0x3D, 0x42, 0x3D, 0x42, 0x3D, 0x42, 0x3D,
	0x42, 0x3D, 0x42, 0x3D, 0x42, 0x3D, 0x41, 0x3D, 0x42, 0x3D, 0x42, 0x3D,
	0x42, 0x3D, 0x42, 0x3D, 0x00, 0x00, 0x00, 0x00, 0x00, 0x00, 0x00, 0x00,
	0x00, 0x00, 0x00, 0x00, 0x00, 0x00, 0x00, 0x00, 0x00, 0x00, 0x00, 0x00,
	0x00, 0x00, 0x00, 0x00, 0x00, 0x00, 0x00, 0x00, 0x00, 0x00, 0x00, 0x00,
	0x00, 0x66, 0x00, 0x3F, 0x00, 0x03, 0x00, 0x00, 0x00, 0x00, 0x00, 0x00,
	0x00, 0x00, 0x00, 0x00, 0x00, 0x00, 0x00, 0x00, 0x00, 0x00, 0x00, 0x00,
	0x00, 0x00, 0x00, 0x00, 0x00, 0x00, 0x00, 0x00, 0x00, 0x00, 0x00, 0x00,
	0x00, 0x00, 0x00, 0x00, 0x00, 0x00, 0x00, 0x00, 0x00, 0x00, 0x00, 0x00,
	0x00, 0x00, 0x00, 0x00, 0x00, 0x00, 0x00, 0x00, 0x00, 0x00, 0x00, 0x00,
	0x00, 0x00, 0x00, 0x00, 0x66, 0x00, 0x3F, 0x00, 0x03, 0x00, 0x00, 0x00,
	0x00, 0x00, 0x00, 0x00, 0x00, 0x00, 0x00, 0x00, 0x00, 0x00, 0x00, 0x00,
	0x00, 0x00, 0x00, 0x00, 0x00, 0x00, 0x00, 0x00, 0x00, 0x00, 0x00, 0x00,
	0x00, 0x00, 0x00, 0x00, 0x00, 0x00, 0x00, 0x00, 0x00, 0x00, 0x00, 0x00,
	0x00, 0x00, 0x00, 0x00, 0x00, 0x00, 0x00, 0x00, 0x00, 0x00, 0x00, 0x00,
	0x00, 0x00, 0x00, 0x00, 0x00, 0x00, 0x00, 0x00, 0x41, 0x3D, 0x41, 0x3D,
	0x42, 0x3D, 0x41, 0x3D, 0x42, 0x3D, 0x42, 0x3D, 0x42, 0x3D, 0x41, 0x3D,
	0x42, 0x3D, 0x42, 0x3D, 0x42, 0x3D, 0x42, 0x3D, 0x42, 0x3D, 0x42, 0x3D,
	0x42, 0x3D, 0x41, 0x3D, 0x42, 0x3D, 0x42, 0x3D, 0x42, 0x3D, 0x42, 0x3D,
	0x6D, 0x0B, 0x57, 0x16, 0x4F, 0x1D, 0x4A, 0x22, 0x48, 0x26, 0x47, 0x29,
	0x46, 0x2B, 0x44, 0x2D, 0x44, 0x2F, 0x44, 0x30, 0x44, 0x31, 0x44, 0x32,
	0x43, 0x33, 0x43, 0x34, 0x43, 0x34, 0x42, 0x35, 0x43, 0x36, 0x42, 0x36,
	0x42, 0x37, 0x42, 0x37, 0x00, 0x68, 0x06, 0x54, 0x0D, 0x4B, 0x14, 0x47,
	0x19, 0x44, 0x1D, 0x43, 0x20, 0x41, 0x23, 0x41, 0x26, 0x40, 0x27, 0x40,
	0x29, 0x3F, 0x2B, 0x3F, 0x2C, 0x3F, 0x2D, 0x3F, 0x2E, 0x3F, 0x2F, 0x3F,
	0x30, 0x3F, 0x30, 0x3E, 0x31, 0x3E, 0x32, 0x3E, 0x41, 0x3D, 0x41, 0x3D,
	0x42, 0x3D, 0x41, 0x3D, 0x42, 0x3D, 0x42, 0x3D, 0x42, 0x3D, 0x41, 0x3D,
	0x42, 0x3D, 0x42, 0x3D, 0x42, 0x3D, 0x42, 0x3D, 0x42, 0x3D, 0x42, 0x3D,
	0x42, 0x3D, 0x41, 0x3D, 0x42, 0x3D, 0x42, 0x3D, 0x42, 0x3D, 0x42, 0x3D,
	0x00, 0x00, 0x00, 0x00, 0x00, 0x00, 0x00, 0x00, 0x00, 0x00, 0x00, 0x00,
	0x00, 0x00, 0x00, 0x00, 0x00, 0x00, 0x00, 0x00, 0x00, 0x00, 0x00, 0x00,
	0x00, 0x00, 0x00, 0x00, 0x00, 0x00, 0x00, 0x00, 0x00, 0x72, 0x00, 0x5C,
	0x00, 0x2D, 0x00, 0x01, 0x00, 0x00, 0x00, 0x00, 0x00, 0x00, 0x00, 0x00,
	0x00, 0x00, 0x00, 0x00, 0x00, 0x00, 0x00, 0x00, 0x00, 0x00, 0x00, 0x00,
	0x00, 0x00, 0x00, 0x00, 0x00, 0x00, 0x00, 0x00, 0x00, 0x00, 0x00, 0x00,
	0x00, 0x00, 0x00, 0x00, 0x00, 0x00, 0x00, 0x00, 0x00, 0x00, 0x00, 0x00,
	0x00, 0x00, 0x00, 0x00, 0x00, 0x00, 0x00, 0x00, 0x00, 0x00, 0x00, 0x00,
	0x72, 0x00, 0x5C, 0x00, 0x2D, 0x00, 0x01, 0x00, 0x00, 0x00, 0x00, 0x00,
	0x00, 0x00, 0x00, 0x00, 0x00, 0x00, 0x00, 0x00, 0x00, 0x00, 0x00, 0x00,
	0x00, 0x00, 0x00, 0x00, 0x00, 0x00, 0x00, 0x00, 0x00, 0x00, 0x00, 0x00,
	0x00, 0x00, 0x00, 0x00, 0x00, 0x00, 0x00, 0x00, 0x00, 0x00, 0x00, 0x00,
	0x00, 0x00, 0x00, 0x00, 0x00, 0x00, 0x00, 0x00, 0x00, 0x00, 0x00, 0x00,
	0x00, 0x00, 0x00, 0x00, 0x42, 0x3D, 0x41, 0x3D, 0x42, 0x3D, 0x41, 0x3D,
	0x42, 0x3D, 0x42, 0x3D, 0x42, 0x3D, 0x41, 0x3D, 0x42, 0x3D, 0x42, 0x3D,
	0x42, 0x3D, 0x42, 0x3D, 0x42, 0x3D, 0x42, 0x3D, 0x42, 0x3D, 0x41, 0x3D,
	0x42, 0x3D, 0x42, 0x3D, 0x42, 0x3D, 0x42, 0x3D, 0x72, 0x06, 0x5F, 0x0D,
	0x56, 0x14, 0x4F, 0x19, 0x4D, 0x1D, 0x4A, 0x20, 0x49, 0x23, 0x47, 0x25,
	0x46, 0x27, 0x46, 0x29, 0x45, 0x2A, 0x45, 0x2C, 0x44, 0x2D, 0x44, 0x2E,
	0x44, 0x2F, 0x43, 0x30, 0x44, 0x30, 0x44, 0x31, 0x43, 0x32, 0x43, 0x33,
	0x00, 0x6D, 0x04, 0x5B, 0x09, 0x51, 0x0E, 0x4C, 0x13, 0x48, 0x17, 0x46,
	0x1A, 0x44, 0x1D, 0x43, 0x1F, 0x42, 0x22, 0x42, 0x24, 0x41, 0x25, 0x41,
	0x27, 0x40, 0x28, 0x40, 0x29, 0x40, 0x2A, 0x3F, 0x2B, 0x3F, 0x2C, 0x3F,
	0x2D, 0x3F, 0x2E, 0x3F, 0x42, 0x3D, 0x41, 0x3D, 0x42, 0x3D, 0x41, 0x3D,
	0x42, 0x3D, 0x42, 0x3D, 0x42, 0x3D, 0x41, 0x3D, 0x42, 0x3D, 0x42, 0x3D,
	0x42, 0x3D, 0x42, 0x3D, 0x42, 0x3D, 0x42, 0x3D, 0x42, 0x3D, 0x41, 0x3D,
	0x42, 0x3D, 0x42, 0x3D, 0x42, 0x3D, 0x42, 0x3D, 0x00, 0x00, 0x00, 0x00,
	0x00, 0x00, 0x00, 0x00, 0x00, 0x00, 0x00, 0x00, 0x00, 0x00, 0x00, 0x00,
	0x00, 0x00, 0x00, 0x00, 0x00, 0x00, 0x00, 0x00, 0x00, 0x00, 0x00, 0x00,
	0x00, 0x00, 0x00, 0x00, 0x00, 0x78, 0x00, 0x6A, 0x00, 0x48, 0x00, 0x22,
	0x00, 0x00, 0x00, 0x00, 0x00, 0x00, 0x00, 0x00, 0x00, 0x00, 0x00, 0x00,
	0x00, 0x00, 0x00, 0x00, 0x00, 0x00, 0x00, 0x00, 0x00, 0x00, 0x00, 0x00,
	0x00, 0x00, 0x00, 0x00, 0x00, 0x00, 0x00, 0x00, 0x00, 0x00, 0x00, 0x00,
	0x00, 0x00, 0x00, 0x00, 0x00, 0x00, 0x00, 0x00, 0x00, 0x00, 0x00, 0x00,
	0x00, 0x00, 0x00, 0x00, 0x00, 0x00, 0x00, 0x00, 0x78, 0x00, 0x6A, 0x00,
	0x48, 0x00, 0x22, 0x00, 0x00, 0x00, 0x00, 0x00, 0x00, 0x00, 0x00, 0x00,
	0x00, 0x00, 0x00, 0x00, 0x00, 0x00, 0x00, 0x00, 0x00, 0x00, 0x00, 0x00,
	0x00, 0x00, 0x00, 0x00, 0x00, 0x00, 0x00, 0x00, 0x00, 0x00, 0x00, 0x00,
	0x00, 0x00, 0x00, 0x00, 0x00, 0x00, 0x00, 0x00, 0x00, 0x00, 0x00, 0x00,
	0x00, 0x00, 0x00, 0x00, 0x00, 0x00, 0x00, 0x00, 0x00, 0x00, 0x00, 0x00,
	0x41, 0x3D, 0x41, 0x3D, 0x42, 0x3D, 0x41, 0x3D, 0x42, 0x3D, 0x42, 0x3D,
	0x42, 0x3D, 0x41, 0x3D, 0x42, 0x3D, 0x42, 0x3D, 0x42, 0x3D, 0x42, 0x3D,
	0x42, 0x3D, 0x42, 0x3D, 0x42, 0x3D, 0x41, 0x3D, 0x42, 0x3D, 0x42, 0x3D,
	0x42, 0x3D, 0x42, 0x3D, 0x75, 0x03, 0x64, 0x09, 0x5A, 0x0E, 0x54, 0x13,
	0x51, 0x17, 0x4E, 0x1A, 0x4C, 0x1D, 0x49, 0x1F, 0x49, 0x22, 0x48, 0x23,
	0x47, 0x25, 0x46, 0x26, 0x46, 0x28, 0x45, 0x29, 0x45, 0x2A, 0x44, 0x2B,
	0x44, 0x2C, 0x44, 0x2D, 0x44, 0x2E, 0x44, 0x2E, 0x00, 0x70, 0x02, 0x60,
	0x07, 0x56, 0x0B, 0x50, 0x0F, 0x4C, 0x12, 0x49, 0x16, 0x47, 0x18, 0x46,
	0x1B, 0x45, 0x1D, 0x44, 0x1F, 0x43, 0x21, 0x42, 0x22, 0x42, 0x24, 0x41,
	0x25, 0x41, 0x26, 0x40, 0x27, 0x40, 0x28, 0x40, 0x29, 0x40, 0x2A, 0x3F,
	0x41, 0x3D, 0x41, 0x3D, 0x42, 0x3D, 0x41, 0x3D, 0x42, 0x3D, 0x42, 0x3D,
	0x42, 0x3D, 0x41, 0x3D, 0x42, 0x3D, 0x42, 0x3D, 0x42, 0x3D, 0x42, 0x3D,
	0x42, 0x3D, 0x42, 0x3D, 0x42, 0x3D, 0x41, 0x3D, 0x42, 0x3D, 0x42, 0x3D,
	0x42, 0x3D, 0x42, 0x3D, 0x00, 0x00, 0x00, 0x00, 0x00, 0x00, 0x00, 0x00,
	0x00, 0x00, 0x00, 0x00, 0x00, 0x00, 0x00, 0x00, 0x00, 0x00, 0x00, 0x00,
	0x00, 0x00, 0x00, 0x00, 0x00, 0x00, 0x00, 0x00, 0x00, 0x00, 0x00, 0x00,
	0x00, 0x7A, 0x00, 0x71, 0x00, 0x59, 0x00, 0x3A, 0x00, 0x1B, 0x00, 0x00,
	0x00, 0x00, 0x00, 0x00, 0x00, 0x00, 0x00, 0x00, 0x00, 0x00, 0x00, 0x00,
	0x00, 0x00, 0x00, 0x00, 0x00, 0x00, 0x00, 0x00, 0x00, 0x00, 0x00, 0x00,
	0x00, 0x00, 0x00, 0x00, 0x00, 0x00, 0x00, 0x00, 0x00, 0x00, 0x00, 0x00,
	0x00, 0x00, 0x00, 0x00, 0x00, 0x00, 0x00, 0x00, 0x00, 0x00, 0x00, 0x00,
	0x00, 0x00, 0x00, 0x00, 0x7A, 0x00, 0x71, 0x00, 0x59, 0x00, 0x3A, 0x00,
	0x1B, 0x00, 0x00, 0x00, 0x00, 0x00, 0x00, 0x00, 0x00, 0x00, 0x00, 0x00,
	0x00, 0x00, 0x00, 0x00, 0x00, 0x00, 0x00, 0x00, 0x00, 0x00, 0x00, 0x00,
	0x00, 0x00, 0x00, 0x00, 0x00, 0x00, 0x00, 0x00, 0x00, 0x00, 0x00, 0x00,
	0x00, 0x00, 0x00, 0x00, 0x00, 0x00, 0x00, 0x00, 0x00, 0x00, 0x00, 0x00,
	0x00, 0x00, 0x00, 0x00, 0x00, 0x00, 0x00, 0x00, 0x41, 0x3D, 0x41, 0x3D,
	0x42, 0x3D, 0x41, 0x3D, 0x42, 0x3D, 0x42, 0x3D, 0x42, 0x3D, 0x41, 0x3D,
	0x42, 0x3D, 0x42, 0x3D, 0x42, 0x3D, 0x42, 0x3D, 0x42, 0x3D, 0x42, 0x3D,
	0x42, 0x3D, 0x41, 0x3D, 0x42, 0x3D, 0x42, 0x3D, 0x42, 0x3D, 0x42, 0x3D,
	0x77, 0x02, 0x68, 0x06, 0x5F, 0x0B, 0x58, 0x0F, 0x54, 0x12, 0x51, 0x15,
	0x4F, 0x18, 0x4C, 0x1B, 0x4B, 0x1D, 0x4A, 0x1F, 0x49, 0x21, 0x48, 0x22,
	0x48, 0x23, 0x47, 0x25, 0x46, 0x26, 0x45, 0x27, 0x45, 0x28, 0x45, 0x29,
	0x45, 0x2A, 0x44, 0x2B, 0x00, 0x72, 0x02, 0x64, 0x05, 0x5B, 0x08, 0x54,
	0x0C, 0x50, 0x0F, 0x4D, 0x12, 0x4A, 0x14, 0x48, 0x17, 0x47, 0x19, 0x46,
	0x1B, 0x45, 0x1D, 0x44, 0x1F, 0x44, 0x20, 0x42, 0x21, 0x42, 0x22, 0x42,
	0x24, 0x41, 0x25, 0x41, 0x26, 0x41, 0x27, 0x40, 0x41, 0x3D, 0x41, 0x3D,
	0x42, 0x3D, 0x41, 0x3D, 0x42, 0x3D, 0x42, 0x3D, 0x42, 0x3D, 0x41, 0x3D,
	0x42, 0x3D, 0x42, 0x3D, 0x42, 0x3D, 0x42, 0x3D, 0x42, 0x3D, 0x42, 0x3D,
	0x42, 0x3D, 0x41, 0x3D, 0x42, 0x3D, 0x42, 0x3D, 0x42, 0x3D, 0x42, 0x3D,
	0x00, 0x00, 0x00, 0x00, 0x00, 0x00, 0x00, 0x00, 0x00, 0x00, 0x00, 0x00,
	0x00, 0x00, 0x00, 0x00, 0x00, 0x00, 0x00, 0x00, 0x00, 0x00, 0x00, 0x00,
	0x00, 0x00, 0x00, 0x00, 0x00, 0x00, 0x00, 0x00, 0x00, 0x7C, 0x00, 0x75,
	0x00, 0x63, 0x00, 0x4A, 0x00, 0x30, 0x00, 0x16, 0x00, 0x00, 0x00, 0x00,
	0x00, 0x00, 0x00, 0x00, 0x00, 0x00, 0x00, 0x00, 0x00, 0x00, 0x00, 0x00,
	0x00, 0x00, 0x00, 0x00, 0x00, 0x00, 0x00, 0x00, 0x00, 0x00, 0x00, 0x00,
	0x00, 0x00, 0x00, 0x00, 0x00, 0x00, 0x00, 0x00, 0x00, 0x00, 0x00, 0x00,
	0x00, 0x00, 0x00, 0x00, 0x00, 0x00, 0x00, 0x00, 0x00, 0x00, 0x00, 0x00,
	0x7C, 0x00, 0x75, 0x00, 0x63, 0x00, 0x4A, 0x00, 0x30, 0x00, 0x16, 0x00,
	0x00, 0x00, 0x00, 0x00, 0x00, 0x00, 0x00, 0x00, 0x00, 0x00, 0x00, 0x00,
	0x00, 0x00, 0x00, 0x00, 0x00, 0x00, 0x00, 0x00, 0x00, 0x00, 0x00, 0x00,
	0x00, 0x00, 0x00, 0x00, 0x00, 0x00, 0x00, 0x00, 0x00, 0x00, 0x00, 0x00,
	0x00, 0x00, 0x00, 0x00, 0x00, 0x00, 0x00, 0x00, 0x00, 0x00, 0x00, 0x00,
	0x00, 0x00, 0x00, 0x00, 0x41, 0x3D, 0x41, 0x3D, 0x42, 0x3D, 0x41, 0x3D,
	0x42, 0x3D, 0x42, 0x3D, 0x42, 0x3D, 0x41, 0x3D, 0x42, 0x3D, 0x42, 0x3D,
	0x42, 0x3D, 0x42, 0x3D, 0x42, 0x3D, 0x42, 0x3D, 0x42, 0x3D, 0x41, 0x3D,
	0x42, 0x3D, 0x42, 0x3D, 0x42, 0x3D, 0x42, 0x3D, 0x78, 0x02, 0x6B, 0x05,
	0x62, 0x08, 0x5B, 0x0C, 0x57, 0x0F, 0x54, 0x12, 0x51, 0x14, 0x4E, 0x17,
	0x4D, 0x19, 0x4C, 0x1B, 0x4B, 0x1D, 0x4A, 0x1E, 0x49, 0x20, 0x48, 0x21,
	0x48, 0x22, 0x46, 0x24, 0x46, 0x25, 0x46, 0x26, 0x46, 0x27, 0x45, 0x27,
	0x00, 0x74, 0x01, 0x66, 0x04, 0x5E, 0x07, 0x57, 0x0A, 0x53, 0x0D, 0x4F,
	0x10, 0x4D, 0x12, 0x4B, 0x14, 0x49, 0x16, 0x48, 0x18, 0x46, 0x1A, 0x45,
	0x1B, 0x45, 0x1D, 0x44, 0x1E, 0x44, 0x20, 0x43, 0x21, 0x42, 0x22, 0x42,
	0x23, 0x42, 0x24, 0x41, 0x41, 0x3D, 0x41, 0x3D, 0x42, 0x3D, 0x41, 0x3D,
	0x42, 0x3D, 0x42, 0x3D, 0x42, 0x3D, 0x41, 0x3D, 0x42, 0x3D, 0x42, 0x3D,
	0x42, 0x3D, 0x42, 0x3D, 0x42, 0x3D, 0x42, 0x3D, 0x42, 0x3D, 0x41, 0x3D,
	0x42, 0x3D, 0x42, 0x3D, 0x42, 0x3D, 0x42, 0x3D, 0x00, 0x00, 0x00, 0x00,
	0x00, 0x00, 0x00, 0x00, 0x00, 0x00, 0x00, 0x00, 0x00, 0x00, 0x00, 0x00,
	0x00, 0x00, 0x00, 0x00, 0x00, 0x00, 0x00, 0x00, 0x00, 0x00, 0x00, 0x00,
	0x00, 0x00, 0x00, 0x00, 0x00, 0x7C, 0x00, 0x78, 0x00, 0x6A, 0x00, 0x56,
	0x00, 0x3F, 0x00, 0x28, 0x00, 0x13, 0x00, 0x00, 0x00, 0x00, 0x00, 0x00,
	0x00, 0x00, 0x00, 0x00, 0x00, 0x00, 0x00, 0x00, 0x00, 0x00, 0x00, 0x00,
	0x00, 0x00, 0x00, 0x00, 0x00, 0x00, 0x00, 0x00, 0x00, 0x00, 0x00, 0x00,
	0x00, 0x00, 0x00, 0x00, 0x00, 0x00, 0x00, 0x00, 0x00, 0x00, 0x00, 0x00,
	0x00, 0x00, 0x00, 0x00, 0x00, 0x00, 0x00, 0x00, 0x7C, 0x00, 0x78, 0x00,
	0x6A, 0x00, 0x56, 0x00, 0x3F, 0x00, 0x28, 0x00, 0x13, 0x00, 0x00, 0x00,
	0x00, 0x00, 0x00, 0x00, 0x00, 0x00, 0x00, 0x00, 0x00, 0x00, 0x00, 0x00,
	0x00, 0x00, 0x00, 0x00, 0x00, 0x00, 0x00, 0x00, 0x00, 0x00, 0x00, 0x00,
	0x00, 0x00, 0x00, 0x00, 0x00, 0x00, 0x00, 0x00, 0x00, 0x00, 0x00, 0x00,
	0x00, 0x00, 0x00, 0x00, 0x00, 0x00, 0x00, 0x00, 0x00, 0x00, 0x00, 0x00,
	0x41, 0x3D, 0x41, 0x3D, 0x42, 0x3D, 0x41, 0x3D, 0x42, 0x3D, 0x42, 0x3D,
	0x42, 0x3D, 0x41, 0x3D, 0x42, 0x3D, 0x42, 0x3D, 0x42, 0x3D, 0x42, 0x3D,
	0x42, 0x3D, 0x42, 0x3D, 0x42, 0x3D, 0x41, 0x3D, 0x42, 0x3D, 0x42, 0x3D,
	0x42, 0x3D, 0x42, 0x3D, 0x79, 0x01, 0x6D, 0x04, 0x65, 0x07, 0x5E, 0x0A,
	0x5A, 0x0D, 0x56, 0x0F, 0x54, 0x12, 0x51, 0x14, 0x4F, 0x16, 0x4E, 0x18,
	0x4C, 0x1A, 0x4B, 0x1B, 0x4B, 0x1D, 0x4A, 0x1E, 0x49, 0x1F, 0x48, 0x21,
	0x48, 0x22, 0x48, 0x23, 0x47, 0x23, 0x46, 0x25, 0x00, 0x75, 0x01, 0x69,
	0x03, 0x61, 0x06, 0x5A, 0x08, 0x56, 0x0B, 0x52, 0x0D, 0x4F, 0x10, 0x4D,
	0x12, 0x4B, 0x14, 0x4A, 0x16, 0x48, 0x17, 0x47, 0x19, 0x46, 0x1A, 0x45,
	0x1C, 0x45, 0x1D, 0x44, 0x1E, 0x44, 0x1F, 0x44, 0x20, 0x43, 0x21, 0x42,
	0x41, 0x3D, 0x41, 0x3D, 0x42, 0x3D, 0x41, 0x3D, 0x42, 0x3D, 0x42, 0x3D,
	0x42, 0x3D, 0x41, 0x3D, 0x42, 0x3D, 0x42, 0x3D, 0x42, 0x3D, 0x42, 0x3D,
	0x42, 0x3D, 0x42, 0x3D, 0x42, 0x3D, 0x41, 0x3D, 0x42, 0x3D, 0x42, 0x3D,
	0x42, 0x3D, 0x42, 0x3D, 0x00, 0x00, 0x00, 0x00, 0x00, 0x00, 0x00, 0x00,
	0x00, 0x00, 0x00, 0x00, 0x00, 0x00, 0x00, 0x00, 0x00, 0x00, 0x00, 0x00,
	0x00, 0x00, 0x00, 0x00, 0x00, 0x00, 0x00, 0x00, 0x00, 0x00, 0x00, 0x00,
	0x00, 0x7D, 0x00, 0x79, 0x00, 0x6E, 0x00, 0x5E, 0x00, 0x4B, 0x00, 0x37,
	0x00, 0x23, 0x00, 0x10, 0x00, 0x00, 0x00, 0x00, 0x00, 0x00, 0x00, 0x00,
	0x00, 0x00, 0x00, 0x00, 0x00, 0x00, 0x00, 0x00, 0x00, 0x00, 0x00, 0x00,
	0x00, 0x00, 0x00, 0x00, 0x00, 0x00, 0x00, 0x00, 0x00, 0x00, 0x00, 0x00,
	0x00, 0x00, 0x00, 0x00, 0x00, 0x00, 0x00, 0x00, 0x00, 0x00, 0x00, 0x00,
	0x00, 0x00, 0x00, 0x00, 0x7D, 0x00, 0x79, 0x00, 0x6E, 0x00, 0x5E, 0x00,
	0x4B, 0x00, 0x37, 0x00, 0x23, 0x00, 0x10, 0x00, 0x00, 0x00, 0x00, 0x00,
	0x00, 0x00, 0x00, 0x00, 0x00, 0x00, 0x00, 0x00, 0x00, 0x00, 0x00, 0x00,
	0x00, 0x00, 0x00, 0x00, 0x00, 0x00, 0x00, 0x00, 0x00, 0x00, 0x00, 0x00,
	0x00, 0x00, 0x00, 0x00, 0x00, 0x00, 0x00, 0x00, 0x00, 0x00, 0x00, 0x00,
	0x00, 0x00, 0x00, 0x00, 0x00, 0x00, 0x00, 0x00, 0x41, 0x3D, 0x42, 0x3D,
	0x42, 0x3D, 0x41, 0x3D, 0x42, 0x3D, 0x42, 0x3D, 0x42, 0x3D, 0x41, 0x3D,
	0x42, 0x3D, 0x42, 0x3D, 0x42, 0x3D, 0x42, 0x3D, 0x42, 0x3D, 0x42, 0x3D,
	0x42, 0x3D, 0x41, 0x3D, 0x42, 0x3D, 0x42, 0x3D, 0x42, 0x3D, 0x42, 0x3D,
	0x7A, 0x01, 0x6F, 0x03, 0x67, 0x06, 0x60, 0x08, 0x5D, 0x0B, 0x59, 0x0D,
	0x56, 0x10, 0x53, 0x11, 0x51, 0x14, 0x50, 0x15, 0x4E, 0x17, 0x4D, 0x19,
	0x4C, 0x1A, 0x4B, 0x1B, 0x4B, 0x1D, 0x48, 0x1E, 0x49, 0x1F, 0x49, 0x20,
	0x48, 0x21, 0x48, 0x22, 0x00, 0x76, 0x01, 0x6B, 0x03, 0x63, 0x05, 0x5D,
	0x07, 0x58, 0x09, 0x54, 0x0C, 0x52, 0x0E, 0x4F, 0x10, 0x4D, 0x11, 0x4C,
	0x13, 0x4A, 0x15, 0x49, 0x17, 0x48, 0x18, 0x47, 0x19, 0x46, 0x1B, 0x45,
	0x1C, 0x45, 0x1D, 0x44, 0x1E, 0x44, 0x1F, 0x44, 0x41, 0x3D, 0x42, 0x3D,
	0x42, 0x3D, 0x41, 0x3D, 0x42, 0x3D, 0x42, 0x3D, 0x42, 0x3D, 0x41, 0x3D,
	0x42, 0x3D, 0x42, 0x3D, 0x42, 0x3D, 0x42, 0x3D, 0x42, 0x3D, 0x42, 0x3D,
	0x42, 0x3D, 0x41, 0x3D, 0x42, 0x3D, 0x42, 0x3D, 0x42, 0x3D, 0x42, 0x3D,
	0x00, 0x00, 0x00, 0x00, 0x00, 0x00, 0x00, 0x00, 0x00, 0x00, 0x00, 0x00,
	0x00, 0x00, 0x00, 0x00, 0x00, 0x00, 0x00, 0x00, 0x00, 0x00, 0x00, 0x00,
	0x00, 0x00, 0x00, 0x00, 0x00, 0x00, 0x00, 0x00, 0x00, 0x7D, 0x00, 0x7A,
	0x00, 0x72, 0x00, 0x64, 0x00, 0x54, 0x00, 0x42, 0x00, 0x30, 0x00, 0x1F,
	0x00, 0x0E, 0x00, 0x00, 0x00, 0x00, 0x00, 0x00, 0x00, 0x00, 0x00, 0x00,
	0x00, 0x00, 0x00, 0x00, 0x00, 0x00, 0x00, 0x00, 0x00, 0x00, 0x00, 0x00,
	0x00, 0x00, 0x00, 0x00, 0x00, 0x00, 0x00, 0x00, 0x00, 0x00, 0x00, 0x00,
	0x00, 0x00, 0x00, 0x00, 0x00, 0x00, 0x00, 0x00, 0x00, 0x00, 0x00, 0x00,
	0x7D, 0x00, 0x7A, 0x00, 0x72, 0x00, 0x64, 0x00, 0x54, 0x00, 0x42, 0x00,
	0x30, 0x00, 0x1F, 0x00, 0x0E, 0x00, 0x00, 0x00, 0x00, 0x00, 0x00, 0x00,
	0x00, 0x00, 0x00, 0x00, 0x00, 0x00, 0x00, 0x00, 0x00, 0x00, 0x00, 0x00,
	0x00, 0x00, 0x00, 0x00, 0x00, 0x00, 0x00, 0x00, 0x00, 0x00, 0x00, 0x00,
	0x00, 0x00, 0x00, 0x00, 0x00, 0x00, 0x00, 0x00, 0x00, 0x00, 0x00, 0x00,
	0x00, 0x00, 0x00, 0x00, 0x41, 0x3D, 0x42, 0x3D, 0x42, 0x3D, 0x41, 0x3D,
	0x42, 0x3D, 0x42, 0x3D, 0x42, 0x3D, 0x41, 0x3D, 0x42, 0x3D, 0x42, 0x3D,
	0x42, 0x3D, 0x42, 0x3D, 0x42, 0x3D, 0x42, 0x3D, 0x42, 0x3D, 0x41, 0x3D,
	0x42, 0x3D, 0x42, 0x3D, 0x42, 0x3D, 0x42, 0x3D, 0x7B, 0x01, 0x71, 0x02,
	0x69, 0x05, 0x63, 0x07, 0x5F, 0x09, 0x5B, 0x0C, 0x58, 0x0E, 0x55, 0x10,
	0x53, 0x11, 0x52, 0x13, 0x50, 0x15, 0x4E, 0x16, 0x4E, 0x18, 0x4C, 0x19,
	0x4C, 0x1A, 0x4A, 0x1C, 0x4B, 0x1D, 0x49, 0x1E, 0x49, 0x1F, 0x49, 0x20,
	0x00, 0x77, 0x00, 0x6C, 0x02, 0x65, 0x04, 0x5F, 0x06, 0x5A, 0x08, 0x57,
	0x0A, 0x54, 0x0C, 0x51, 0x0E, 0x4F, 0x10, 0x4D, 0x11, 0x4C, 0x13, 0x4A,
	0x15, 0x49, 0x16, 0x48, 0x18, 0x48, 0x18, 0x46, 0x1A, 0x46, 0x1B, 0x45,
	0x1C, 0x45, 0x1D, 0x45, 0x41, 0x3D, 0x42, 0x3D, 0x42, 0x3D, 0x41, 0x3D,
	0x42, 0x3D, 0x42, 0x3D, 0x42, 0x3D, 0x41, 0x3D, 0x42, 0x3D, 0x42, 0x3D,
	0x42, 0x3D, 0x42, 0x3D, 0x42, 0x3D, 0x42, 0x3D, 0x42, 0x3D, 0x41, 0x3D,
	0x42, 0x3D, 0x42, 0x3D, 0x42, 0x3D, 0x42, 0x3D, 0x00, 0x00, 0x00, 0x00,
	0x00, 0x00, 0x00, 0x00, 0x00, 0x00, 0x00, 0x00, 0x00, 0x00, 0x00, 0x00,
	0x00, 0x00, 0x00, 0x00, 0x00, 0x00, 0x00, 0x00, 0x00, 0x00, 0x00, 0x00,
	0x00, 0x00, 0x00, 0x00, 0x00, 0x7E, 0x00, 0x7B, 0x00, 0x74, 0x00, 0x69,
	0x00, 0x5B, 0x00, 0x4B, 0x00, 0x3B, 0x00, 0x2B, 0x00, 0x1B, 0x00, 0x0D,
	0x00, 0x00, 0x00, 0x00, 0x00, 0x00, 0x00, 0x00, 0x00, 0x00, 0x00, 0x00,
	0x00, 0x00, 0x00, 0x00, 0x00, 0x00, 0x00, 0x00, 0x00, 0x00, 0x00, 0x00,
	0x00, 0x00, 0x00, 0x00, 0x00, 0x00, 0x00, 0x00, 0x00, 0x00, 0x00, 0x00,
	0x00, 0x00, 0x00, 0x00, 0x00, 0x00, 0x00, 0x00, 0x7E, 0x00, 0x7B, 0x00,
	0x74, 0x00, 0x69, 0x00, 0x5B, 0x00, 0x4B, 0x00, 0x3B, 0x00, 0x2B, 0x00,
	0x1B, 0x00, 0x0D, 0x00, 0x00, 0x00, 0x00, 0x00, 0x00, 0x00, 0x00, 0x00,
	0x00, 0x00, 0x00, 0x00, 0x00, 0x00, 0x00, 0x00, 0x00, 0x00, 0x00, 0x00,
	0x00, 0x00, 0x00, 0x00, 0x00, 0x00, 0x00, 0x00, 0x00, 0x00, 0x00, 0x00,
	0x00, 0x00, 0x00, 0x00, 0x00, 0x00, 0x00, 0x00, 0x00, 0x00, 0x00, 0x00,
	0x41, 0x3D, 0x42, 0x3D, 0x42, 0x3D, 0x41, 0x3D, 0x42, 0x3D, 0x42, 0x3D,
	0x42, 0x3D, 0x41, 0x3D, 0x42, 0x3D, 0x42, 0x3D, 0x42, 0x3D, 0x42, 0x3D,
	0x42, 0x3D, 0x42, 0x3D, 0x42, 0x3D, 0x41, 0x3D, 0x42, 0x3D, 0x42, 0x3D,
	0x42, 0x3D, 0x42, 0x3D, 0x7B, 0x00, 0x72, 0x02, 0x6B, 0x04, 0x64, 0x06,
	0x61, 0x08, 0x5D, 0x0A, 0x5A, 0x0C, 0x56, 0x0E, 0x55, 0x10, 0x53, 0x11,
	0x52, 0x13, 0x50, 0x15, 0x4F, 0x16, 0x4E, 0x17, 0x4D, 0x18, 0x4B, 0x1A,
	0x4B, 0x1A, 0x4B, 0x1C, 0x4B, 0x1D, 0x49, 0x1D, 0x00, 0x77, 0x00, 0x6E,
	0x02, 0x66, 0x04, 0x61, 0x05, 0x5C, 0x07, 0x59, 0x09, 0x56, 0x0B, 0x53,
	0x0D, 0x51, 0x0F, 0x4F, 0x10, 0x4E, 0x11, 0x4C, 0x13, 0x4B, 0x14, 0x4A,
	0x15, 0x48, 0x17, 0x48, 0x18, 0x47, 0x19, 0x46, 0x1B, 0x46, 0x1B, 0x45,
	0x41, 0x3D, 0x42, 0x3D, 0x42, 0x3D, 0x41, 0x3D, 0x42, 0x3D, 0x42, 0x3D,
	0x42, 0x3D, 0x41, 0x3D, 0x42, 0x3D, 0x42, 0x3D, 0x42, 0x3D, 0x42, 0x3D,
	0x42, 0x3D, 0x42, 0x3D, 0x42, 0x3D, 0x41, 0x3D, 0x42, 0x3D, 0x42, 0x3D,
	0x42, 0x3D, 0x42, 0x3D, 0x00, 0x00, 0x00, 0x00, 0x00, 0x00, 0x00, 0x00,
	0x00, 0x00, 0x00, 0x00, 0x00, 0x00, 0x00, 0x00, 0x00, 0x00, 0x00, 0x00,
	0x00, 0x00, 0x00, 0x00, 0x00, 0x00, 0x00, 0x00, 0x00, 0x00, 0x00, 0x00,
	0x00, 0x7E, 0x00, 0x7C, 0x00, 0x76, 0x00, 0x6D, 0x00, 0x61, 0x00, 0x53,
	0x00, 0x44, 0x00, 0x35, 0x00, 0x27, 0x00, 0x19, 0x00, 0x0C, 0x00, 0x00,
	0x00, 0x00, 0x00, 0x00, 0x00, 0x00, 0x00, 0x00, 0x00, 0x00, 0x00, 0x00,
	0x00, 0x00, 0x00, 0x00, 0x00, 0x00, 0x00, 0x00, 0x00, 0x00, 0x00, 0x00,
	0x00, 0x00, 0x00, 0x00, 0x00, 0x00, 0x00, 0x00, 0x00, 0x00, 0x00, 0x00,
	0x00, 0x00, 0x00, 0x00, 0x7E, 0x00, 0x7C, 0x00, 0x76, 0x00, 0x6D, 0x00,
	0x61, 0x00, 0x53, 0x00, 0x44, 0x00, 0x35, 0x00, 0x27, 0x00, 0x19, 0x00,
	0x0C, 0x00, 0x00, 0x00, 0x00, 0x00, 0x00, 0x00, 0x00, 0x00, 0x00, 0x00,
	0x00, 0x00, 0x00, 0x00, 0x00, 0x00, 0x00, 0x00, 0x00, 0x00, 0x00, 0x00,
	0x00, 0x00, 0x00, 0x00, 0x00, 0x00, 0x00, 0x00, 0x00, 0x00, 0x00, 0x00,
	0x00, 0x00, 0x00, 0x00, 0x00, 0x00, 0x00, 0x00, 0x41, 0x3D, 0x42, 0x3D,
	0x42, 0x3D, 0x41, 0x3D, 0x42, 0x3D, 0x42, 0x3D, 0x42, 0x3D, 0x41, 0x3D,
	0x42, 0x3D, 0x42, 0x3D, 0x42, 0x3D, 0x42, 0x3D, 0x42, 0x3D, 0x42, 0x3D,
	0x42, 0x3D, 0x41, 0x3D, 0x42, 0x3D, 0x42, 0x3D, 0x42, 0x3D, 0x42, 0x3D,
	0x7C, 0x00, 0x73, 0x02, 0x6C, 0x03, 0x66, 0x05, 0x63, 0x07, 0x5E, 0x09,
	0x5C, 0x0B, 0x58, 0x0C, 0x57, 0x0E, 0x55, 0x10, 0x53, 0x11, 0x52, 0x13,
	0x50, 0x14, 0x4F, 0x15, 0x4E, 0x17, 0x4C, 0x18, 0x4C, 0x19, 0x4C, 0x1A,
	0x4B, 0x1A, 0x4B, 0x1C, 0x00, 0x77, 0x00, 0x6F, 0x02, 0x68, 0x03, 0x63,
	0x05, 0x5E, 0x06, 0x5A, 0x08, 0x57, 0x0A, 0x55, 0x0B, 0x53, 0x0D, 0x50,
	0x0F, 0x4F, 0x10, 0x4E, 0x11, 0x4C, 0x13, 0x4B, 0x14, 0x4A, 0x15, 0x49,
	0x16, 0x48, 0x18, 0x48, 0x18, 0x46, 0x19, 0x46, 0x41, 0x3D, 0x42, 0x3D,
	0x42, 0x3D, 0x41, 0x3D, 0x42, 0x3D, 0x42, 0x3D, 0x42, 0x3D, 0x41, 0x3D,
	0x42, 0x3D, 0x42, 0x3D, 0x42, 0x3D, 0x42, 0x3D, 0x42, 0x3D, 0x42, 0x3D,
	0x42, 0x3D, 0x41, 0x3D, 0x42, 0x3D, 0x42, 0x3D, 0x42, 0x3D, 0x42, 0x3D,
	0x00, 0x00, 0x00, 0x00, 0x00, 0x00, 0x00, 0x00, 0x00, 0x00, 0x00, 0x00,
	0x00, 0x00, 0x00, 0x00, 0x00, 0x00, 0x00, 0x00, 0x00, 0x00, 0x00, 0x00,
	0x00, 0x00, 0x00, 0x00, 0x00, 0x00, 0x00, 0x00, 0x00, 0x7E, 0x00, 0x7C,
	0x00, 0x77, 0x00, 0x6F, 0x00, 0x65, 0x00, 0x59, 0x00, 0x4C, 0x00, 0x3E,
	0x00, 0x30, 0x00, 0x23, 0x00, 0x16, 0x00, 0x0B, 0x00, 0x00, 0x00, 0x00,
	0x00, 0x00, 0x00, 0x00, 0x00, 0x00, 0x00, 0x00, 0x00, 0x00, 0x00, 0x00,
	0x00, 0x00, 0x00, 0x00, 0x00, 0x00, 0x00, 0x00, 0x00, 0x00, 0x00, 0x00,
	0x00, 0x00, 0x00, 0x00, 0x00, 0x00, 0x00, 0x00, 0x00, 0x00, 0x00, 0x00,
	0x7E, 0x00, 0x7C, 0x00, 0x77, 0x00, 0x6F, 0x00, 0x65, 0x00, 0x59, 0x00,
	0x4C, 0x00, 0x3E, 0x00, 0x30, 0x00, 0x23, 0x00, 0x16, 0x00, 0x0B, 0x00,
	0x00, 0x00, 0x00, 0x00, 0x00, 0x00, 0x00, 0x00, 0x00, 0x00, 0x00, 0x00,
	0x00, 0x00, 0x00, 0x00, 0x00, 0x00, 0x00, 0x00, 0x00, 0x00, 0x00, 0x00,
	0x00, 0x00, 0x00, 0x00, 0x00, 0x00, 0x00, 0x00, 0x00, 0x00, 0x00, 0x00,
	0x00, 0x00, 0x00, 0x00, 0x41, 0x3D, 0x42, 0x3D, 0x42, 0x3D, 0x41, 0x3D,
	0x42, 0x3D, 0x42, 0x3D, 0x42, 0x3D, 0x41, 0x3D, 0x42, 0x3D, 0x42, 0x3D,
	0x42, 0x3D, 0x42, 0x3D, 0x42, 0x3D, 0x42, 0x3D, 0x42, 0x3D, 0x41, 0x3D,
	0x42, 0x3D, 0x42, 0x3D, 0x42, 0x3D, 0x42, 0x3D, 0x7C, 0x00, 0x74, 0x02,
	0x6E, 0x03, 0x68, 0x05, 0x64, 0x06, 0x60, 0x08, 0x5D, 0x0A, 0x5A, 0x0B,
	0x58, 0x0D, 0x56, 0x0E, 0x55, 0x10, 0x53, 0x11, 0x52, 0x13, 0x50, 0x14,
	0x50, 0x15, 0x4D, 0x16, 0x4E, 0x18, 0x4C, 0x18, 0x4C, 0x19, 0x4C, 0x1A,
	0x00, 0x78, 0x00, 0x70, 0x01, 0x69, 0x03, 0x64, 0x04, 0x60, 0x06, 0x5C,
	0x07, 0x59, 0x09, 0x56, 0x0B, 0x54, 0x0C, 0x52, 0x0D, 0x50, 0x0F, 0x4F,
	0x10, 0x4E, 0x11, 0x4C, 0x13, 0x4B, 0x13, 0x4A, 0x15, 0x4A, 0x15, 0x48,
	0x17, 0x48, 0x18, 0x47, 0x41, 0x3D, 0x42, 0x3D, 0x42, 0x3D, 0x41, 0x3D,
	0x42, 0x3D, 0x42, 0x3D, 0x42, 0x3D, 0x41, 0x3D, 0x42, 0x3D, 0x42, 0x3D,
	0x42, 0x3D, 0x42, 0x3D, 0x42, 0x3D, 0x42, 0x3D, 0x42, 0x3D, 0x41, 0x3D,
	0x42, 0x3D, 0x42, 0x3D, 0x42, 0x3D, 0x42, 0x3D, 0x00, 0x00, 0x00, 0x00,
	0x00, 0x00, 0x00, 0x00, 0x00, 0x00, 0x00, 0x00, 0x00, 0x00, 0x00, 0x00,
	0x00, 0x00, 0x00, 0x00, 0x00, 0x00, 0x00, 0x00, 0x00, 0x00, 0x00, 0x00,
	0x00, 0x00, 0x00, 0x00, 0x00, 0x7E, 0x00, 0x7D, 0x00, 0x78, 0x00, 0x71,
	0x00, 0x68, 0x00, 0x5E, 0x00, 0x52, 0x00, 0x45, 0x00, 0x39, 0x00, 0x2C,
	0x00, 0x20, 0x00, 0x15, 0x00, 0x0A, 0x00, 0x00, 0x00, 0x00, 0x00, 0x00,
	0x00, 0x00, 0x00, 0x00, 0x00, 0x00, 0x00, 0x00, 0x00, 0x00, 0x00, 0x00,
	0x00, 0x00, 0x00, 0x00, 0x00, 0x00, 0x00, 0x00, 0x00, 0x00, 0x00, 0x00,
	0x00, 0x00, 0x00, 0x00, 0x00, 0x00, 0x00, 0x00, 0x7E, 0x00, 0x7D, 0x00,
	0x78, 0x00, 0x71, 0x00, 0x68, 0x00, 0x5E, 0x00, 0x52, 0x00, 0x45, 0x00,
	0x39, 0x00, 0x2C, 0x00, 0x20, 0x00, 0x15, 0x00, 0x0A, 0x00, 0x00, 0x00,
	0x00, 0x00, 0x00, 0x00, 0x00, 0x00, 0x00, 0x00, 0x00, 0x00, 0x00, 0x00,
	0x00, 0x00, 0x00, 0x00, 0x00, 0x00, 0x00, 0x00, 0x00, 0x00, 0x00, 0x00,
	0x00, 0x00, 0x00, 0x00, 0x00, 0x00, 0x00, 0x00, 0x00, 0x00, 0x00, 0x00,
	0x41, 0x3D, 0x42, 0x3D, 0x42, 0x3D, 0x41, 0x3D, 0x42, 0x3D, 0x42, 0x3D,
	0x42, 0x3D, 0x41, 0x3D, 0x42, 0x3D, 0x42, 0x3D, 0x42, 0x3D, 0x42, 0x3D,
	0x42, 0x3D, 0x42, 0x3D, 0x42, 0x3D, 0x41, 0x3D, 0x42, 0x3D, 0x42, 0x3D,
	0x42, 0x3D, 0x42, 0x3D, 0x7D, 0x00, 0x75, 0x01, 0x6F, 0x02, 0x69, 0x04,
	0x65, 0x06, 0x62, 0x07, 0x5F, 0x09, 0x5B, 0x0B, 0x5A, 0x0C, 0x58, 0x0D,
	0x56, 0x0E, 0x55, 0x10, 0x53, 0x11, 0x52, 0x13, 0x50, 0x13, 0x4F, 0x15,
	0x4E, 0x15, 0x4E, 0x17, 0x4D, 0x18, 0x4C, 0x18, 0x00, 0x78, 0x00, 0x71,
	0x01, 0x6A, 0x03, 0x66, 0x04, 0x61, 0x05, 0x5D, 0x06, 0x5A, 0x08, 0x58,
	0x09, 0x55, 0x0B, 0x53, 0x0D, 0x52, 0x0E, 0x50, 0x0F, 0x4E, 0x10, 0x4E,
	0x11, 0x4C, 0x13, 0x4C, 0x13, 0x4A, 0x15, 0x4A, 0x15, 0x49, 0x16, 0x48,
	0x41, 0x3D, 0x42, 0x3D, 0x42, 0x3D, 0x41, 0x3D, 0x42, 0x3D, 0x42, 0x3D,
	0x42, 0x3D, 0x41, 0x3D, 0x42, 0x3D, 0x42, 0x3D, 0x42, 0x3D, 0x42, 0x3D,
	0x42, 0x3D, 0x42, 0x3D, 0x42, 0x3D, 0x41, 0x3D, 0x42, 0x3D, 0x42, 0x3D,
	0x42, 0x3D, 0x42, 0x3D, 0x00, 0x00, 0x00, 0x00, 0x00, 0x00, 0x00, 0x00,
	0x00, 0x00, 0x00, 0x00, 0x00, 0x00, 0x00, 0x00, 0x00, 0x00, 0x00, 0x00,
	0x00, 0x00, 0x00, 0x00, 0x00, 0x00, 0x00, 0x00, 0x00, 0x00, 0x00, 0x00,
	0x00, 0x7E, 0x00, 0x7D, 0x00, 0x79, 0x00, 0x73, 0x00, 0x6B, 0x00, 0x62,
	0x00, 0x57, 0x00, 0x4C, 0x00, 0x40, 0x00, 0x34, 0x00, 0x29, 0x00, 0x1E,
	0x00, 0x13, 0x00, 0x09, 0x00, 0x00, 0x00, 0x00, 0x00, 0x00, 0x00, 0x00,
	0x00, 0x00, 0x00, 0x00, 0x00, 0x00, 0x00, 0x00, 0x00, 0x00, 0x00, 0x00,
	0x00, 0x00, 0x00, 0x00, 0x00, 0x00, 0x00, 0x00, 0x00, 0x00, 0x00, 0x00,
	0x00, 0x00, 0x00, 0x00, 0x7E, 0x00, 0x7D, 0x00, 0x79, 0x00, 0x73, 0x00,
	0x6B, 0x00, 0x62, 0x00, 0x57, 0x00, 0x4C, 0x00, 0x40, 0x00, 0x34, 0x00,
	0x29, 0x00, 0x1E, 0x00, 0x13, 0x00, 0x09, 0x00, 0x00, 0x00, 0x00, 0x00,
	0x00, 0x00, 0x00, 0x00, 0x00, 0x00, 0x00, 0x00, 0x00, 0x00, 0x00, 0x00,
	0x00, 0x00, 0x00, 0x00, 0x00, 0x00, 0x00, 0x00, 0x00, 0x00, 0x00, 0x00,
	0x00, 0x00, 0x00, 0x00, 0x00, 0x00, 0x00, 0x00, 0x41, 0x3D, 0x42, 0x3D,
	0x42, 0x3D, 0x41, 0x3D, 0x42, 0x3D, 0x42, 0x3D, 0x42, 0x3D, 0x41, 0x3D,
	0x42, 0x3D, 0x42, 0x3D, 0x42, 0x3D, 0x42, 0x3D, 0x42, 0x3D, 0x42, 0x3D,
	0x42, 0x3D, 0x41, 0x3D, 0x42, 0x3D, 0x42, 0x3D, 0x42, 0x3D, 0x42, 0x3D,
	0x7D, 0x00, 0x76, 0x01, 0x70, 0x02, 0x6A, 0x03, 0x67, 0x05, 0x63, 0x06,
	0x60, 0x08, 0x5D, 0x09, 0x5B, 0x0B, 0x59, 0x0C, 0x57, 0x0D, 0x55, 0x0E,
	0x55, 0x10, 0x53, 0x11, 0x52, 0x13, 0x4F, 0x13, 0x50, 0x15, 0x4F, 0x15,
	0x4E, 0x16, 0x4E, 0x18, 0x00, 0x79, 0x00, 0x71, 0x01, 0x6C, 0x02, 0x66,
	0x04, 0x62, 0x05, 0x5F, 0x06, 0x5C, 0x07, 0x59, 0x09, 0x57, 0x0A, 0x55,
	0x0B, 0x53, 0x0D, 0x51, 0x0E, 0x50, 0x0F, 0x4E, 0x11, 0x4E, 0x11, 0x4C,
	0x13, 0x4C, 0x13, 0x4B, 0x14, 0x4A, 0x15, 0x4A, 0x41, 0x3D, 0x42, 0x3D,
	0x42, 0x3D, 0x41, 0x3D, 0x42, 0x3D, 0x42, 0x3D, 0x42, 0x3D, 0x41, 0x3D,
	0x42, 0x3D, 0x42, 0x3D, 0x42, 0x3D, 0x42, 0x3D, 0x42, 0x3D, 0x42, 0x3D,
	0x42, 0x3D, 0x41, 0x3D, 0x42, 0x3D, 0x42, 0x3D, 0x42, 0x3D, 0x42, 0x3D,
	0x00, 0x00, 0x00, 0x00, 0x00, 0x00, 0x00, 0x00, 0x00, 0x00, 0x00, 0x00,
	0x00, 0x00, 0x00, 0x00, 0x00, 0x00, 0x00, 0x00, 0x00, 0x00, 0x00, 0x00,
	0x00, 0x00, 0x00, 0x00, 0x00, 0x00, 0x00, 0x00, 0x00, 0x7E, 0x00, 0x7D,
	0x00, 0x7A, 0x00, 0x75, 0x00, 0x6E, 0x00, 0x65, 0x00, 0x5B, 0x00, 0x51,
	0x00, 0x46, 0x00, 0x3B, 0x00, 0x30, 0x00, 0x26, 0x00, 0x1B, 0x00, 0x12,
	0x00, 0x08, 0x00, 0x00, 0x00, 0x00, 0x00, 0x00, 0x00, 0x00, 0x00, 0x00,
	0x00, 0x00, 0x00, 0x00, 0x00, 0x00, 0x00, 0x00, 0x00, 0x00, 0x00, 0x00,
	0x00, 0x00, 0x00, 0x00, 0x00, 0x00, 0x00, 0x00, 0x00, 0x00, 0x00, 0x00,
	0x7E, 0x00, 0x7D, 0x00, 0x7A, 0x00, 0x75, 0x00, 0x6E, 0x00, 0x65, 0x00,
	0x5B, 0x00, 0x51, 0x00, 0x46, 0x00, 0x3B, 0x00, 0x30, 0x00, 0x26, 0x00,
	0x1B, 0x00, 0x12, 0x00, 0x08, 0x00, 0x00, 0x00, 0x00, 0x00, 0x00, 0x00,
	0x00, 0x00, 0x00, 0x00, 0x00, 0x00, 0x00, 0x00, 0x00, 0x00, 0x00, 0x00,
	0x00, 0x00, 0x00, 0x00, 0x00, 0x00, 0x00, 0x00, 0x00, 0x00, 0x00, 0x00,
	0x00, 0x00, 0x00, 0x00, 0x41, 0x3D, 0x42, 0x3D, 0x42, 0x3D, 0x41, 0x3D,
	0x42, 0x3D, 0x42, 0x3D, 0x42, 0x3D, 0x41, 0x3D, 0x42, 0x3D, 0x42, 0x3D,
	0x42, 0x3D, 0x42, 0x3D, 0x42, 0x3D, 0x42, 0x3D, 0x42, 0x3D, 0x41, 0x3D,
	0x42, 0x3D, 0x42, 0x3D, 0x42, 0x3D, 0x42, 0x3D, 0x7D, 0x00, 0x76, 0x01,
	0x71, 0x02, 0x6C, 0x03, 0x68, 0x05, 0x64, 0x06, 0x61, 0x07, 0x5E, 0x09,
	0x5C, 0x0A, 0x5A, 0x0B, 0x59, 0x0C, 0x57, 0x0E, 0x55, 0x0E, 0x55, 0x11,
	0x52, 0x11, 0x51, 0x12, 0x51, 0x13, 0x50, 0x14, 0x4F, 0x15, 0x4E, 0x15,
	0x00, 0x79, 0x00, 0x72, 0x01, 0x6D, 0x02, 0x68, 0x03, 0x63, 0x04, 0x60,
	0x06, 0x5D, 0x07, 0x5B, 0x08, 0x58, 0x09, 0x56, 0x0B, 0x54, 0x0C, 0x53,
	0x0D, 0x51, 0x0E, 0x50, 0x0F, 0x4E, 0x11, 0x4E, 0x11, 0x4C, 0x12, 0x4C,
	0x13, 0x4B, 0x14, 0x4A, 0x41, 0x3D, 0x42, 0x3D, 0x42, 0x3D, 0x41, 0x3D,
	0x42, 0x3D, 0x42, 0x3D, 0x42, 0x3D, 0x41, 0x3D, 0x42, 0x3D, 0x42, 0x3D,
	0x42, 0x3D, 0x42, 0x3D, 0x42, 0x3D, 0x42, 0x3D, 0x42, 0x3D, 0x41, 0x3D,
	0x42, 0x3D, 0x42, 0x3D, 0x42, 0x3D, 0x42, 0x3D, 0x00, 0x1F, 0x00, 0x3F,
	0x00, 0x66, 0x00, 0x72, 0x00, 0x78, 0x00, 0x7A, 0x00, 0x7C, 0x00, 0x7C,
	0x00, 0x7D, 0x00, 0x7D, 0x00, 0x7E, 0x00, 0x7E, 0x00, 0x7E, 0x00, 0x7E,
	0x00, 0x7E, 0x00, 0x7E, 0x00, 0x7D, 0x00, 0x58, 0x00, 0x70, 0x00, 0x77,
	0x00, 0x79, 0x00, 0x7B, 0x00, 0x7C, 0x00, 0x7C, 0x00, 0x7D, 0x00, 0x7D,
	0x00, 0x7E, 0x00, 0x7E, 0x00, 0x7E, 0x00, 0x7E, 0x00, 0x7E, 0x00, 0x7E,
	0x00, 0x00, 0x00, 0x00, 0x00, 0x00, 0x00, 0x00, 0x00, 0x00, 0x00, 0x00,
	0x00, 0x00, 0x00, 0x00, 0x00, 0x00, 0x00, 0x00, 0x00, 0x00, 0x00, 0x00,
	0x00, 0x00, 0x00, 0x00, 0x00, 0x00, 0x00, 0x00, 0x1F, 0x1F, 0x00, 0x3F,
	0x00, 0x66, 0x00, 0x72, 0x00, 0x78, 0x00, 0x7A, 0x00, 0x7C, 0x00, 0x7C,
	0x00, 0x7D, 0x00, 0x7D, 0x00, 0x7E, 0x00, 0x7E, 0x00, 0x7E, 0x00, 0x7E,
	0x00, 0x7E, 0x00, 0x7E, 0x1F, 0x1F, 0x00, 0x3F, 0x00, 0x66, 0x00, 0x72,
	0x00, 0x78, 0x00, 0x7A, 0x00, 0x7C, 0x00, 0x7C, 0x00, 0x7D, 0x00, 0x7D,
	0x00, 0x7E, 0x00, 0x7E, 0x00, 0x7E, 0x00, 0x7E, 0x00, 0x7E, 0x00, 0x7E,
	0x41, 0x3D, 0x42, 0x3D, 0x42, 0x3D, 0x41, 0x3D, 0x42, 0x3D, 0x42, 0x3D,
	0x42, 0x3D, 0x41, 0x3D, 0x42, 0x3D, 0x42, 0x3D, 0x42, 0x3D, 0x42, 0x3D,
	0x42, 0x3D, 0x42, 0x3D, 0x42, 0x3D, 0x41, 0x3D, 0x42, 0x3D, 0x42, 0x3D,
	0x42, 0x3D, 0x42, 0x3D, 0x7D, 0x00, 0x77, 0x01, 0x72, 0x02, 0x6D, 0x03,
	0x69, 0x04, 0x66, 0x06, 0x63, 0x07, 0x5F, 0x08, 0x5E, 0x09, 0x5C, 0x0B,
	0x5A, 0x0C, 0x58, 0x0C, 0x57, 0x0E, 0x55, 0x0F, 0x54, 0x11, 0x51, 0x11,
	0x52, 0x12, 0x51, 0x13, 0x50, 0x14, 0x50, 0x15, 0x00, 0x79, 0x00, 0x73,
	0x01, 0x6D, 0x02, 0x69, 0x03, 0x65, 0x04, 0x61, 0x05, 0x5E, 0x06, 0x5C,
	0x07, 0x59, 0x09, 0x57, 0x0A, 0x55, 0x0B, 0x54, 0x0D, 0x53, 0x0D, 0x51,
	0x0F, 0x50, 0x0F, 0x4E, 0x11, 0x4E, 0x11, 0x4C, 0x12, 0x4C, 0x13, 0x4B,
	0x41, 0x3D, 0x42, 0x3D, 0x42, 0x3D, 0x41, 0x3D, 0x42, 0x3D, 0x42, 0x3D,
	0x42, 0x3D, 0x41, 0x3D, 0x42, 0x3D, 0x42, 0x3D, 0x42, 0x3D, 0x42, 0x3D,
	0x42, 0x3D, 0x42, 0x3D, 0x42, 0x3D, 0x41, 0x3D, 0x42, 0x3D, 0x42, 0x3D,
	0x42, 0x3D, 0x42, 0x3D, 0x00, 0x00, 0x00, 0x0A, 0x00, 0x3F, 0x00, 0x5C,
	0x00, 0x6A, 0x00, 0x71, 0x00, 0x75, 0x00, 0x78, 0x00, 0x79, 0x00, 0x7A,
	0x00, 0x7B, 0x00, 0x7C, 0x00, 0x7C, 0x00, 0x7D, 0x00, 0x7D, 0x00, 0x7D,
	0x00, 0x58, 0x00, 0x44, 0x00, 0x55, 0x00, 0x67, 0x00, 0x6E, 0x00, 0x72,
	0x00, 0x75, 0x00, 0x78, 0x00, 0x79, 0x00, 0x7A, 0x00, 0x7B, 0x00, 0x7C,
	0x00, 0x7C, 0x00, 0x7D, 0x00, 0x7D, 0x00, 0x7D, 0x00, 0x00, 0x00, 0x00,
	0x00, 0x00, 0x00, 0x00, 0x00, 0x00, 0x00, 0x00, 0x00, 0x00, 0x00, 0x00,
	0x00, 0x00, 0x00, 0x00, 0x00, 0x00, 0x00, 0x00, 0x00, 0x00, 0x00, 0x00,
	0x00, 0x00, 0x00, 0x00, 0x3F, 0x00, 0x0A, 0x0A, 0x00, 0x3F, 0x00, 0x5C,
	0x00, 0x6A, 0x00, 0x71, 0x00, 0x75, 0x00, 0x78, 0x00, 0x79, 0x00, 0x7A,
	0x00, 0x7B, 0x00, 0x7C, 0x00, 0x7C, 0x00, 0x7D, 0x00, 0x7D, 0x00, 0x7D,
	0x3F, 0x00, 0x0A, 0x0A, 0x00, 0x3F, 0x00, 0x5C, 0x00, 0x6A, 0x00, 0x71,
	0x00, 0x75, 0x00, 0x78, 0x00, 0x79, 0x00, 0x7A, 0x00, 0x7B, 0x00, 0x7C,
	0x00, 0x7C, 0x00, 0x7D, 0x00, 0x7D, 0x00, 0x7D, 0x41, 0x3D, 0x42, 0x3D,
	0x42, 0x3D, 0x41, 0x3D, 0x42, 0x3D, 0x42, 0x3D, 0x42, 0x3D, 0x41, 0x3D,
	0x42, 0x3D, 0x42, 0x3D, 0x42, 0x3D, 0x42, 0x3D, 0x42, 0x3D, 0x42, 0x3D,
	0x42, 0x3D, 0x41, 0x3D, 0x42, 0x3D, 0x42, 0x3D, 0x42, 0x3D, 0x42, 0x3D,
	0x7D, 0x00, 0x78, 0x01, 0x72, 0x02, 0x6E, 0x02, 0x6A, 0x03, 0x67, 0x05,
	0x64, 0x06, 0x60, 0x07, 0x5F, 0x09, 0x5C, 0x0A, 0x5B, 0x0B, 0x5A, 0x0C,
	0x57, 0x0C, 0x56, 0x0E, 0x55, 0x0F, 0x53, 0x11, 0x52, 0x11, 0x52, 0x12,
	0x51, 0x13, 0x50, 0x13, 0x00, 0x79, 0x00, 0x73, 0x01, 0x6E, 0x02, 0x69,
	0x03, 0x66, 0x04, 0x62, 0x05, 0x5F, 0x06, 0x5D, 0x07, 0x5B, 0x08, 0x58,
	0x09, 0x56, 0x0B, 0x55, 0x0B, 0x53, 0x0D, 0x52, 0x0D, 0x50, 0x0F, 0x50,
	0x0F, 0x4E, 0x11, 0x4E, 0x11, 0x4D, 0x12, 0x4C, 0x41, 0x3D, 0x42, 0x3D,
	0x42, 0x3D, 0x41, 0x3D, 0x42, 0x3D, 0x42, 0x3D, 0x42, 0x3D, 0x41, 0x3D,
	0x42, 0x3D, 0x42, 0x3D, 0x42, 0x3D, 0x42, 0x3D, 0x42, 0x3D, 0x42, 0x3D,
	0x42, 0x3D, 0x41, 0x3D, 0x42, 0x3D, 0x42, 0x3D, 0x42, 0x3D, 0x42, 0x3D,
	0x00, 0x00, 0x00, 0x00, 0x00, 0x03, 0x00, 0x2D, 0x00, 0x48, 0x00, 0x59,
	0x00, 0x63, 0x00, 0x6A, 0x00, 0x6E, 0x00, 0x72, 0x00, 0x74, 0x00, 0x76,
	0x00, 0x77, 0x00, 0x78, 0x00, 0x79, 0x00, 0x7A, 0x00, 0x70, 0x00, 0x55,
	0x00, 0x20, 0x00, 0x3E, 0x00, 0x50, 0x00, 0x5A, 0x00, 0x63, 0x00, 0x6A,
	0x00, 0x6E, 0x00, 0x72, 0x00, 0x74, 0x00, 0x76, 0x00, 0x77, 0x00, 0x78,
	0x00, 0x79, 0x00, 0x7A, 0x00, 0x00, 0x00, 0x00, 0x00, 0x00, 0x00, 0x00,
	0x00, 0x00, 0x00, 0x00, 0x00, 0x00, 0x00, 0x00, 0x00, 0x00, 0x00, 0x00,
	0x00, 0x00, 0x00, 0x00, 0x00, 0x00, 0x00, 0x00, 0x00, 0x00, 0x00, 0x00,
	0x66, 0x00, 0x3F, 0x00, 0x03, 0x03, 0x00, 0x2D, 0x00, 0x48, 0x00, 0x59,
	0x00, 0x63, 0x00, 0x6A, 0x00, 0x6E, 0x00, 0x72, 0x00, 0x74, 0x00, 0x76,
	0x00, 0x77, 0x00, 0x78, 0x00, 0x79, 0x00, 0x7A, 0x66, 0x00, 0x3F, 0x00,
	0x03, 0x03, 0x00, 0x2D, 0x00, 0x48, 0x00, 0x59, 0x00, 0x63, 0x00, 0x6A,
	0x00, 0x6E, 0x00, 0x72, 0x00, 0x74, 0x00, 0x76, 0x00, 0x77, 0x00, 0x78,
	0x00, 0x79, 0x00, 0x7A, 0x41, 0x3D, 0x41, 0x3D, 0x42, 0x3D, 0x41, 0x3D,
	0x42, 0x3D, 0x42, 0x3D, 0x42, 0x3D, 0x41, 0x3D, 0x42, 0x3D, 0x42, 0x3D,
	0x42, 0x3D, 0x42, 0x3D, 0x42, 0x3D, 0x42, 0x3D, 0x42, 0x3D, 0x41, 0x3D,
	0x42, 0x3D, 0x42, 0x3D, 0x42, 0x3D, 0x42, 0x3D, 0x7E, 0x00, 0x78, 0x01,
	0x73, 0x02, 0x6E, 0x02, 0x6B, 0x03, 0x68, 0x05, 0x65, 0x06, 0x61, 0x07,
	0x5F, 0x07, 0x5E, 0x09, 0x5C, 0x0B, 0x5A, 0x0B, 0x59, 0x0C, 0x57, 0x0D,
	0x56, 0x0E, 0x54, 0x0F, 0x54, 0x11, 0x52, 0x11, 0x52, 0x12, 0x51, 0x13,
	0x00, 0x79, 0x00, 0x74, 0x00, 0x6F, 0x02, 0x6A, 0x03, 0x66, 0x04, 0x63,
	0x05, 0x60, 0x05, 0x5E, 0x06, 0x5B, 0x07, 0x59, 0x09, 0x58, 0x09, 0x55,
	0x0B, 0x55, 0x0C, 0x53, 0x0D, 0x52, 0x0D, 0x50, 0x0F, 0x50, 0x0F, 0x4E,
	0x11, 0x4E, 0x11, 0x4D, 0x41, 0x3D, 0x41, 0x3D, 0x42, 0x3D, 0x41, 0x3D,
	0x42, 0x3D, 0x42, 0x3D, 0x42, 0x3D, 0x41, 0x3D, 0x42, 0x3D, 0x42, 0x3D,
	0x42, 0x3D, 0x42, 0x3D, 0x42, 0x3D, 0x42, 0x3D, 0x42, 0x3D, 0x41, 0x3D,
	0x42, 0x3D, 0x42, 0x3D, 0x42, 0x3D, 0x42, 0x3D, 0x00, 0x00, 0x00, 0x00,
	0x00, 0x00, 0x00, 0x01, 0x00, 0x22, 0x00, 0x3A, 0x00, 0x4A, 0x00, 0x56,
	0x00, 0x5E, 0x00, 0x64, 0x00, 0x69, 0x00, 0x6D, 0x00, 0x6F, 0x00, 0x71,
	0x00, 0x73, 0x00, 0x75, 0x00, 0x77, 0x00, 0x67, 0x00, 0x3E, 0x00, 0x0D,
	0x00, 0x28, 0x00, 0x3A, 0x00, 0x4A, 0x00, 0x56, 0x00, 0x5E, 0x00, 0x64,
	0x00, 0x69, 0x00, 0x6D, 0x00, 0x6F, 0x00, 0x71, 0x00, 0x73, 0x00, 0x75,
	0x00, 0x00, 0x00, 0x00, 0x00, 0x00, 0x00, 0x00, 0x00, 0x00, 0x00, 0x00,
	0x00, 0x00, 0x00, 0x00, 0x00, 0x00, 0x00, 0x00, 0x00, 0x00, 0x00, 0x00,
	0x00, 0x00, 0x00, 0x00, 0x00, 0x00, 0x00, 0x00, 0x72, 0x00, 0x5C, 0x00,
	0x2D, 0x00, 0x01, 0x01, 0x00, 0x22, 0x00, 0x3A, 0x00, 0x4A, 0x00, 0x56,
	0x00, 0x5E, 0x00, 0x64, 0x00, 0x69, 0x00, 0x6D, 0x00, 0x6F, 0x00, 0x71,
	0x00, 0x73, 0x00, 0x75, 0x72, 0x00, 0x5C, 0x00, 0x2D, 0x00, 0x01, 0x01,
	0x00, 0x22, 0x00, 0x3A, 0x00, 0x4A, 0x00, 0x56, 0x00, 0x5E, 0x00, 0x64,
	0x00, 0x69, 0x00, 0x6D, 0x00, 0x6F, 0x00, 0x71, 0x00, 0x73, 0x00, 0x75,
	0x41, 0x3D, 0x41, 0x3D, 0x42, 0x3D, 0x41, 0x3D, 0x42, 0x3D, 0x42, 0x3D,
	0x42, 0x3D, 0x41, 0x3D, 0x42, 0x3D, 0x42, 0x3D, 0x42, 0x3D, 0x42, 0x3D,
	0x42, 0x3D, 0x42, 0x3D, 0x42, 0x3D, 0x41, 0x3D, 0x42, 0x3D, 0x42, 0x3D,
	0x42, 0x3D, 0x42, 0x3D, 0x7E, 0x00, 0x78, 0x00, 0x74, 0x01, 0x6F, 0x02,
	0x6C, 0x03, 0x68, 0x04, 0x65, 0x05, 0x62, 0x06, 0x61, 0x07, 0x5F, 0x09,
	0x5C, 0x09, 0x5B, 0x0B, 0x5A, 0x0B, 0x58, 0x0C, 0x57, 0x0D, 0x55, 0x0E,
	0x55, 0x0F, 0x54, 0x11, 0x52, 0x11, 0x52, 0x12, 0x00, 0x79, 0x00, 0x74,
	0x00, 0x70, 0x01, 0x6B, 0x02, 0x67, 0x03, 0x64, 0x04, 0x61, 0x05, 0x5F,
	0x06, 0x5D, 0x07, 0x5B, 0x08, 0x58, 0x09, 0x57, 0x0A, 0x55, 0x0B, 0x54,
	0x0C, 0x53, 0x0D, 0x51, 0x0E, 0x50, 0x0F, 0x50, 0x0F, 0x4E, 0x11, 0x4E,
	0x41, 0x3D, 0x41, 0x3D, 0x42, 0x3D, 0x41, 0x3D, 0x42, 0x3D, 0x42, 0x3D,
	0x42, 0x3D, 0x41, 0x3D, 0x42, 0x3D, 0x42, 0x3D, 0x42, 0x3D, 0x42, 0x3D,
	0x42, 0x3D, 0x42, 0x3D, 0x42, 0x3D, 0x41, 0x3D, 0x42, 0x3D, 0x42, 0x3D,
	0x42, 0x3D, 0x42, 0x3D, 0x00, 0x00, 0x00, 0x00, 0x00, 0x00, 0x00, 0x00,
	0x00, 0x00, 0x00, 0x1B, 0x00, 0x30, 0x00, 0x3F, 0x00, 0x4B, 0x00, 0x54,
	0x00, 0x5B, 0x00, 0x61, 0x00, 0x65, 0x00, 0x68, 0x00, 0x6B, 0x00, 0x6E,
	0x00, 0x79, 0x00, 0x6E, 0x00, 0x50, 0x00, 0x28, 0x00, 0x01, 0x00, 0x1B,
	0x00, 0x30, 0x00, 0x3F, 0x00, 0x4B, 0x00, 0x54, 0x00, 0x5B, 0x00, 0x61,
	0x00, 0x65, 0x00, 0x68, 0x00, 0x6B, 0x00, 0x6E, 0x00, 0x00, 0x00, 0x00,
	0x00, 0x00, 0x00, 0x00, 0x00, 0x00, 0x00, 0x00, 0x00, 0x00, 0x00, 0x00,
	0x00, 0x00, 0x00, 0x00, 0x00, 0x00, 0x00, 0x00, 0x00, 0x00, 0x00, 0x00,
	0x00, 0x00, 0x00, 0x00, 0x78, 0x00, 0x6A, 0x00, 0x48, 0x00, 0x22, 0x00,
	0x00, 0x00, 0x00, 0x1B, 0x00, 0x30, 0x00, 0x3F, 0x00, 0x4B, 0x00, 0x54,
	0x00, 0x5B, 0x00, 0x61, 0x00, 0x65, 0x00, 0x68, 0x00, 0x6B, 0x00, 0x6E,
	0x78, 0x00, 0x6A, 0x00, 0x48, 0x00, 0x22, 0x00, 0x00, 0x00, 0x00, 0x1B,
	0x00, 0x30, 0x00, 0x3F, 0x00, 0x4B, 0x00, 0x54, 0x00, 0x5B, 0x00, 0x61,
	0x00, 0x65, 0x00, 0x68, 0x00, 0x6B, 0x00, 0x6E, 0x21, 0x5D, 0x0C, 0x68,
	0x06, 0x6D, 0x04, 0x71, 0x02, 0x72, 0x02, 0x74, 0x01, 0x75, 0x01, 0x76,
	0x01, 0x77, 0x00, 0x77, 0x00, 0x77, 0x00, 0x78, 0x00, 0x78, 0x00, 0x79,
	0x00, 0x79, 0x00, 0x79, 0x00, 0x79, 0x00, 0x79, 0x00, 0x79, 0x00, 0x7A,
	0x42, 0x40, 0x17, 0x55, 0x0C, 0x60, 0x08, 0x66, 0x05, 0x6A, 0x04, 0x6D,
	0x03, 0x6F, 0x02, 0x71, 0x02, 0x73, 0x01, 0x73, 0x01, 0x74, 0x01, 0x75,
	0x01, 0x76, 0x01, 0x77, 0x00, 0x77, 0x00, 0x77, 0x00, 0x78, 0x00, 0x78,
	0x00, 0x78, 0x00, 0x78, 0x00, 0x7B, 0x00, 0x7B, 0x00, 0x7B, 0x00, 0x7B,
	0x00, 0x7B, 0x00, 0x7B, 0x00, 0x7B, 0x00, 0x7B, 0x00, 0x7B, 0x00, 0x7B,
	0x00, 0x7B, 0x00, 0x7B, 0x00, 0x7B, 0x00, 0x7B, 0x00, 0x7B, 0x00, 0x7B,
	0x00, 0x7B, 0x00, 0x7B, 0x00, 0x7B, 0x00, 0x7B, 0x21, 0x5D, 0x0C, 0x68,
	0x06, 0x6D, 0x04, 0x71, 0x02, 0x72, 0x02, 0x74, 0x01, 0x75, 0x01, 0x76,
	0x01, 0x77, 0x00, 0x77, 0x00, 0x77, 0x00, 0x78, 0x00, 0x78, 0x00, 0x79,
	0x00, 0x79, 0x00, 0x79, 0x00, 0x79, 0x00, 0x79, 0x00, 0x79, 0x00, 0x7A,
	0x00, 0x00, 0x00, 0x00, 0x00, 0x00, 0x00, 0x00, 0x00, 0x00, 0x00, 0x00,
	0x00, 0x16, 0x00, 0x28, 0x00, 0x37, 0x00, 0x42, 0x00, 0x4B, 0x00, 0x53,
	0x00, 0x59, 0x00, 0x5E, 0x00, 0x62, 0x00, 0x65, 0x00, 0x7B, 0x00, 0x72,
	0x00, 0x5A, 0x00, 0x3A, 0x00, 0x1B, 0x00, 0x01, 0x00, 0x16, 0x00, 0x28,
	0x00, 0x37, 0x00, 0x42, 0x00, 0x4B, 0x00, 0x53, 0x00, 0x59, 0x00, 0x5E,
	0x00, 0x62, 0x00, 0x65, 0x00, 0x00, 0x00, 0x00, 0x00, 0x00, 0x00, 0x00,
	0x00, 0x00, 0x00, 0x00, 0x00, 0x00, 0x00, 0x00, 0x00, 0x00, 0x00, 0x00,
	0x00, 0x00, 0x00, 0x00, 0x00, 0x00, 0x00, 0x00, 0x00, 0x00, 0x00, 0x00,
	0x7A, 0x00, 0x71, 0x00, 0x59, 0x00, 0x3A, 0x00, 0x1B, 0x00, 0x00, 0x00,
	0x00, 0x16, 0x00, 0x28, 0x00, 0x37, 0x00, 0x42, 0x00, 0x4B, 0x00, 0x53,
	0x00, 0x59, 0x00, 0x5E, 0x00, 0x62, 0x00, 0x65, 0x7A, 0x00, 0x71, 0x00,
	0x59, 0x00, 0x3A, 0x00, 0x1B, 0x00, 0x00, 0x00, 0x00, 0x16, 0x00, 0x28,
	0x00, 0x37, 0x00, 0x42, 0x00, 0x4B, 0x00, 0x53, 0x00, 0x59, 0x00, 0x5E,
	0x00, 0x62, 0x00, 0x65, 0x2B, 0x49, 0x16, 0x53, 0x0D, 0x5B, 0x09, 0x60,
	0x07, 0x64, 0x05, 0x67, 0x04, 0x69, 0x03, 0x6B, 0x03, 0x6C, 0x02, 0x6E,
	0x02, 0x6F, 0x02, 0x70, 0x01, 0x71, 0x01, 0x71, 0x01, 0x72, 0x01, 0x73,
	0x01, 0x73, 0x01, 0x74, 0x00, 0x74, 0x00, 0x75, 0x57, 0x16, 0x2D, 0x2C,
	0x1B, 0x3B, 0x12, 0x45, 0x0D, 0x4D, 0x0B, 0x53, 0x08, 0x57, 0x07, 0x5B,
	0x05, 0x5E, 0x05, 0x61, 0x04, 0x63, 0x04, 0x65, 0x03, 0x67, 0x02, 0x68,
	0x02, 0x69, 0x02, 0x6B, 0x02, 0x6C, 0x01, 0x6D, 0x01, 0x6E, 0x01, 0x6F,
	0x00, 0x7B, 0x00, 0x7B, 0x00, 0x7B, 0x00, 0x7B, 0x00, 0x7B, 0x00, 0x7B,
	0x00, 0x7B, 0x00, 0x7B, 0x00, 0x7B, 0x00, 0x7B, 0x00, 0x7B, 0x00, 0x7B,
	0x00, 0x7B, 0x00, 0x7B, 0x00, 0x7B, 0x00, 0x7B, 0x00, 0x7B, 0x00, 0x7B,
	0x00, 0x7B, 0x00, 0x7B, 0x2B, 0x49, 0x16, 0x53, 0x0D, 0x5B, 0x09, 0x60,
	0x07, 0x64, 0x05, 0x67, 0x04, 0x69, 0x03, 0x6B, 0x03, 0x6C, 0x02, 0x6E,
	0x02, 0x6F, 0x02, 0x70, 0x01, 0x71, 0x01, 0x71, 0x01, 0x72, 0x01, 0x73,
	0x01, 0x73, 0x01, 0x74, 0x00, 0x74, 0x00, 0x75, 0x00, 0x00, 0x00, 0x00,
	0x00, 0x00, 0x00, 0x00, 0x00, 0x00, 0x00, 0x00, 0x00, 0x00, 0x00, 0x13,
	0x00, 0x23, 0x00, 0x30, 0x00, 0x3B, 0x00, 0x44, 0x00, 0x4C, 0x00, 0x52,
	0x00, 0x57, 0x00, 0x5B, 0x00, 0x7C, 0x00, 0x75, 0x00, 0x63, 0x00, 0x4A,
	0x00, 0x30, 0x00, 0x16, 0x00, 0x00, 0x00, 0x13, 0x00, 0x23, 0x00, 0x30,
	0x00, 0x3B, 0x00, 0x44, 0x00, 0x4C, 0x00, 0x52, 0x00, 0x57, 0x00, 0x5B,
	0x00, 0x00, 0x00, 0x00, 0x00, 0x00, 0x00, 0x00, 0x00, 0x00, 0x00, 0x00,
	0x00, 0x00, 0x00, 0x00, 0x00, 0x00, 0x00, 0x00, 0x00, 0x00, 0x00, 0x00,
	0x00, 0x00, 0x00, 0x00, 0x00, 0x00, 0x00, 0x00, 0x7C, 0x00, 0x75, 0x00,
	0x63, 0x00, 0x4A, 0x00, 0x30, 0x00, 0x16, 0x00, 0x00, 0x00, 0x00, 0x13,
	0x00, 0x23, 0x00, 0x30, 0x00, 0x3B, 0x00, 0x44, 0x00, 0x4C, 0x00, 0x52,
	0x00, 0x57, 0x00, 0x5B, 0x7C, 0x00, 0x75, 0x00, 0x63, 0x00, 0x4A, 0x00,
	0x30, 0x00, 0x16, 0x00, 0x00, 0x00, 0x00, 0x13, 0x00, 0x23, 0x00, 0x30,
	0x00, 0x3B, 0x00, 0x44, 0x00, 0x4C, 0x00, 0x52, 0x00, 0x57, 0x00, 0x5B,
	0x31, 0x43, 0x1D, 0x4B, 0x14, 0x51, 0x0E, 0x56, 0x0B, 0x5B, 0x08, 0x5E,
	0x07, 0x61, 0x06, 0x63, 0x05, 0x65, 0x04, 0x67, 0x04, 0x68, 0x03, 0x69,
	0x03, 0x6A, 0x03, 0x6C, 0x02, 0x6D, 0x02, 0x6D, 0x02, 0x6E, 0x02, 0x6F,
	0x02, 0x70, 0x01, 0x70, 0x61, 0x0C, 0x3B, 0x1B, 0x28, 0x28, 0x1D, 0x32,
	0x16, 0x3A, 0x11, 0x41, 0x0E, 0x47, 0x0C, 0x4B, 0x0A, 0x4F, 0x09, 0x53,
	0x07, 0x55, 0x06, 0x58, 0x05, 0x5A, 0x05, 0x5C, 0x05, 0x5E, 0x04, 0x60,
	0x04, 0x61, 0x04, 0x63, 0x03, 0x64, 0x02, 0x66, 0x00, 0x7B, 0x00, 0x7B,
	0x00, 0x7B, 0x00, 0x7B, 0x00, 0x7B, 0x00, 0x7B, 0x00, 0x7B, 0x00, 0x7B,
	0x00, 0x7B, 0x00, 0x7B, 0x00, 0x7B, 0x00, 0x7B, 0x00, 0x7B, 0x00, 0x7B,
	0x00, 0x7B, 0x00, 0x7B, 0x00, 0x7B, 0x00, 0x7B, 0x00, 0x7B, 0x00, 0x7B,
	0x31, 0x43, 0x1D, 0x4B, 0x14, 0x51, 0x0E, 0x56, 0x0B, 0x5B, 0x08, 0x5E,
	0x07, 0x61, 0x06, 0x63, 0x05, 0x65, 0x04, 0x67, 0x04, 0x68, 0x03, 0x69,
	0x03, 0x6A, 0x03, 0x6C, 0x02, 0x6D, 0x02, 0x6D, 0x02, 0x6E, 0x02, 0x6F,
	0x02, 0x70, 0x01, 0x70, 0x00, 0x00, 0x00, 0x00, 0x00, 0x00, 0x00, 0x00,
	0x00, 0x00, 0x00, 0x00, 0x00, 0x00, 0x00, 0x00, 0x00, 0x10, 0x00, 0x1F,
	0x00, 0x2B, 0x00, 0x35, 0x00, 0x3E, 0x00, 0x45, 0x00, 0x4C, 0x00, 0x51,
	0x00, 0x7C, 0x00, 0x78, 0x00, 0x6A, 0x00, 0x56, 0x00, 0x3F, 0x00, 0x28,
	0x00, 0x13, 0x00, 0x00, 0x00, 0x10, 0x00, 0x1F, 0x00, 0x2B, 0x00, 0x35,
	0x00, 0x3E, 0x00, 0x45, 0x00, 0x4C, 0x00, 0x51, 0x00, 0x00, 0x00, 0x00,
	0x00, 0x00, 0x00, 0x00, 0x00, 0x00, 0x00, 0x00, 0x00, 0x00, 0x00, 0x00,
	0x00, 0x00, 0x00, 0x00, 0x00, 0x00, 0x00, 0x00, 0x00, 0x00, 0x00, 0x00,
	0x00, 0x00, 0x00, 0x00, 0x7C, 0x00, 0x78, 0x00, 0x6A, 0x00, 0x56, 0x00,
	0x3F, 0x00, 0x28, 0x00, 0x13, 0x00, 0x00, 0x00, 0x00, 0x10, 0x00, 0x1F,
	0x00, 0x2B, 0x00, 0x35, 0x00, 0x3E, 0x00, 0x45, 0x00, 0x4C, 0x00, 0x51,
	0x7C, 0x00, 0x78, 0x00, 0x6A, 0x00, 0x56, 0x00, 0x3F, 0x00, 0x28, 0x00,
	0x13, 0x00, 0x00, 0x00, 0x00, 0x10, 0x00, 0x1F, 0x00, 0x2B, 0x00, 0x35,
	0x00, 0x3E, 0x00, 0x45, 0x00, 0x4C, 0x00, 0x51, 0x33, 0x41, 0x22, 0x46,
	0x19, 0x4C, 0x13, 0x50, 0x0F, 0x54, 0x0C, 0x57, 0x0A, 0x5A, 0x08, 0x5D,
	0x07, 0x5F, 0x06, 0x61, 0x05, 0x63, 0x05, 0x64, 0x04, 0x66, 0x04, 0x66,
	0x04, 0x68, 0x03, 0x69, 0x03, 0x69, 0x03, 0x6A, 0x03, 0x6B, 0x02, 0x6C,
	0x67, 0x07, 0x45, 0x12, 0x32, 0x1D, 0x26, 0x26, 0x1E, 0x2E, 0x18, 0x34,
	0x14, 0x3A, 0x11, 0x3F, 0x0F, 0x44, 0x0C, 0x47, 0x0B, 0x4B, 0x0A, 0x4D,
	0x09, 0x51, 0x07, 0x52, 0x07, 0x55, 0x06, 0x57, 0x05, 0x58, 0x05, 0x5A,
	0x05, 0x5C, 0x04, 0x5D, 0x00, 0x7B, 0x00, 0x7B, 0x00, 0x7B, 0x00, 0x7B,
	0x00, 0x7B, 0x00, 0x7B, 0x00, 0x7B, 0x00, 0x7B, 0x00, 0x7B, 0x00, 0x7B,
	0x00, 0x7B, 0x00, 0x7B, 0x00, 0x7B, 0x00, 0x7B, 0x00, 0x7B, 0x00, 0x7B,
	0x00, 0x7B, 0x00, 0x7B, 0x00, 0x7B, 0x00, 0x7B, 0x33, 0x41, 0x22, 0x46,
	0x19, 0x4C, 0x13, 0x50, 0x0F, 0x54, 0x0C, 0x57, 0x0A, 0x5A, 0x08, 0x5D,
	0x07, 0x5F, 0x06, 0x61, 0x05, 0x63, 0x05, 0x64, 0x04, 0x66, 0x04, 0x66,
	0x04, 0x68, 0x03, 0x69, 0x03, 0x69, 0x03, 0x6A, 0x03, 0x6B, 0x02, 0x6C,
	0x00, 0x00, 0x00, 0x00, 0x00, 0x00, 0x00, 0x00, 0x00, 0x00, 0x00, 0x00,
	0x00, 0x00, 0x00, 0x00, 0x00, 0x00, 0x00, 0x0E, 0x00, 0x1B, 0x00, 0x27,
	0x00, 0x30, 0x00, 0x39, 0x00, 0x40, 0x00, 0x46, 0x00, 0x7D, 0x00, 0x79,
	0x00, 0x6E, 0x00, 0x5E, 0x00, 0x4B, 0x00, 0x37, 0x00, 0x23, 0x00, 0x10,
	0x00, 0x00, 0x00, 0x0E, 0x00, 0x1B, 0x00, 0x27, 0x00, 0x30, 0x00, 0x39,
	0x00, 0x40, 0x00, 0x46, 0x00, 0x00, 0x00, 0x00, 0x00, 0x00, 0x00, 0x00,
	0x00, 0x00, 0x00, 0x00, 0x00, 0x00, 0x00, 0x00, 0x00, 0x00, 0x00, 0x00,
	0x00, 0x00, 0x00, 0x00, 0x00, 0x00, 0x00, 0x00, 0x00, 0x00, 0x00, 0x00,
	0x7D, 0x00, 0x79, 0x00, 0x6E, 0x00, 0x5E, 0x00, 0x4B, 0x00, 0x37, 0x00,
	0x23, 0x00, 0x10, 0x00, 0x00, 0x00, 0x00, 0x0E, 0x00, 0x1B, 0x00, 0x27,
	0x00, 0x30, 0x00, 0x39, 0x00, 0x40, 0x00, 0x46, 0x7D, 0x00, 0x79, 0x00,
	0x6E, 0x00, 0x5E, 0x00, 0x4B, 0x00, 0x37, 0x00, 0x23, 0x00, 0x10, 0x00,
	0x00, 0x00, 0x00, 0x0E, 0x00, 0x1B, 0x00, 0x27, 0x00, 0x30, 0x00, 0x39,
	0x00, 0x40, 0x00, 0x46, 0x35, 0x40, 0x27, 0x44, 0x1D, 0x48, 0x17, 0x4C,
	0x12, 0x50, 0x0F, 0x53, 0x0D, 0x56, 0x0B, 0x58, 0x09, 0x5A, 0x08, 0x5C,
	0x07, 0x5E, 0x06, 0x60, 0x06, 0x61, 0x05, 0x62, 0x05, 0x63, 0x04, 0x65,
	0x04, 0x66, 0x04, 0x66, 0x04, 0x67, 0x03, 0x68, 0x6B, 0x05, 0x4D, 0x0D,
	0x3B, 0x16, 0x2E, 0x1E, 0x25, 0x25, 0x1F, 0x2B, 0x1A, 0x31, 0x16, 0x36,
	0x13, 0x3A, 0x10, 0x3E, 0x0F, 0x42, 0x0D, 0x45, 0x0C, 0x47, 0x0A, 0x4A,
	0x0A, 0x4C, 0x09, 0x4F, 0x07, 0x51, 0x07, 0x52, 0x07, 0x54, 0x06, 0x56,
	0x00, 0x7B, 0x00, 0x7B, 0x00, 0x7B, 0x00, 0x7B, 0x00, 0x7B, 0x00, 0x7B,
	0x00, 0x7B, 0x00, 0x7B, 0x00, 0x7B, 0x00, 0x7B, 0x00, 0x7B, 0x00, 0x7B,
	0x00, 0x7B, 0x00, 0x7B, 0x00, 0x7B, 0x00, 0x7B, 0x00, 0x7B, 0x00, 0x7B,
	0x00, 0x7B, 0x00, 0x7B, 0x35, 0x40, 0x27, 0x44, 0x1D, 0x48, 0x17, 0x4C,
	0x12, 0x50, 0x0F, 0x53, 0x0D, 0x56, 0x0B, 0x58, 0x09, 0x5A, 0x08, 0x5C,
	0x07, 0x5E, 0x06, 0x60, 0x06, 0x61, 0x05, 0x62, 0x05, 0x63, 0x04, 0x65,
	0x04, 0x66, 0x04, 0x66, 0x04, 0x67, 0x03, 0x68, 0x00, 0x00, 0x00, 0x00,
	0x00, 0x00, 0x00, 0x00, 0x00, 0x00, 0x00, 0x00, 0x00, 0x00, 0x00, 0x00,
	0x00, 0x00, 0x00, 0x00, 0x00, 0x0D, 0x00, 0x19, 0x00, 0x23, 0x00, 0x2C,
	0x00, 0x34, 0x00, 0x3B, 0x00, 0x7D, 0x00, 0x7A, 0x00, 0x72, 0x00, 0x64,
	0x00, 0x54, 0x00, 0x42, 0x00, 0x30, 0x00, 0x1F, 0x00, 0x0E, 0x00, 0x00,
	0x00, 0x0D, 0x00, 0x19, 0x00, 0x23, 0x00, 0x2C, 0x00, 0x34, 0x00, 0x3B,
	0x00, 0x00, 0x00, 0x00, 0x00, 0x00, 0x00, 0x00, 0x00, 0x00, 0x00, 0x00,
	0x00, 0x00, 0x00, 0x00, 0x00, 0x00, 0x00, 0x00, 0x00, 0x00, 0x00, 0x00,
	0x00, 0x00, 0x00, 0x00, 0x00, 0x00, 0x00, 0x00, 0x7D, 0x00, 0x7A, 0x00,
	0x72, 0x00, 0x64, 0x00, 0x54, 0x00, 0x42, 0x00, 0x30, 0x00, 0x1F, 0x00,
	0x0E, 0x00, 0x00, 0x00, 0x00, 0x0D, 0x00, 0x19, 0x00, 0x23, 0x00, 0x2C,
	0x00, 0x34, 0x00, 0x3B, 0x7D, 0x00, 0x7A, 0x00, 0x72, 0x00, 0x64, 0x00,
	0x54, 0x00, 0x42, 0x00, 0x30, 0x00, 0x1F, 0x00, 0x0E, 0x00, 0x00, 0x00,
	0x00, 0x0D, 0x00, 0x19, 0x00, 0x23, 0x00, 0x2C, 0x00, 0x34, 0x00, 0x3B,
	0x37, 0x3F, 0x29, 0x43, 0x21, 0x46, 0x1A, 0x49, 0x16, 0x4D, 0x12, 0x50,
	0x10, 0x52, 0x0D, 0x54, 0x0C, 0x57, 0x0A, 0x59, 0x09, 0x5A, 0x08, 0x5C,
	0x07, 0x5D, 0x06, 0x5F, 0x06, 0x60, 0x06, 0x61, 0x05, 0x62, 0x05, 0x63,
	0x04, 0x64, 0x04, 0x65, 0x6E, 0x04, 0x53, 0x0A, 0x41, 0x11, 0x34, 0x18,
	0x2B, 0x1F, 0x24, 0x24, 0x1F, 0x29, 0x1B, 0x2E, 0x17, 0x33, 0x15, 0x37,
	0x12, 0x3A, 0x10, 0x3D, 0x0F, 0x40, 0x0D, 0x43, 0x0C, 0x45, 0x0C, 0x48,
	0x0A, 0x4A, 0x0A, 0x4C, 0x09, 0x4E, 0x07, 0x4F, 0x00, 0x7B, 0x00, 0x7B,
	0x00, 0x7B, 0x00, 0x7B, 0x00, 0x7B, 0x00, 0x7B, 0x00, 0x7B, 0x00, 0x7B,
	0x00, 0x7B, 0x00, 0x7B, 0x00, 0x7B, 0x00, 0x7B, 0x00, 0x7B, 0x00, 0x7B,
	0x00, 0x7B, 0x00, 0x7B, 0x00, 0x7B, 0x00, 0x7B, 0x00, 0x7B, 0x00, 0x7B,
	0x37, 0x3F, 0x29, 0x43, 0x21, 0x46, 0x1A, 0x49, 0x16, 0x4D, 0x12, 0x50,
	0x10, 0x52, 0x0D, 0x54, 0x0C, 0x57, 0x0A, 0x59, 0x09, 0x5A, 0x08, 0x5C,
	0x07, 0x5D, 0x06, 0x5F, 0x06, 0x60, 0x06, 0x61, 0x05, 0x62, 0x05, 0x63,
	0x04, 0x64, 0x04, 0x65, 0x00, 0x00, 0x00, 0x00, 0x00, 0x00, 0x00, 0x00,
	0x00, 0x00, 0x00, 0x00, 0x00, 0x00, 0x00, 0x00, 0x00, 0x00, 0x00, 0x00,
	0x00, 0x00, 0x00, 0x0C, 0x00, 0x16, 0x00, 0x20, 0x00, 0x29, 0x00, 0x30,
	0x00, 0x7E, 0x00, 0x7B, 0x00, 0x74, 0x00, 0x69, 0x00, 0x5B, 0x00, 0x4B,
	0x00, 0x3B, 0x00, 0x2B, 0x00, 0x1B, 0x00, 0x0D, 0x00, 0x00, 0x00, 0x0C,
	0x00, 0x16, 0x00, 0x20, 0x00, 0x29, 0x00, 0x30, 0x00, 0x00, 0x00, 0x00,
	0x00, 0x00, 0x00, 0x00, 0x00, 0x00, 0x00, 0x00, 0x00, 0x00, 0x00, 0x00,
	0x00, 0x00, 0x00, 0x00, 0x00, 0x00, 0x00, 0x00, 0x00, 0x00, 0x00, 0x00,
	0x00, 0x00, 0x00, 0x00, 0x7E, 0x00, 0x7B, 0x00, 0x74, 0x00, 0x69, 0x00,
	0x5B, 0x00, 0x4B, 0x00, 0x3B, 0x00, 0x2B, 0x00, 0x1B, 0x00, 0x0D, 0x00,
	0x00, 0x00, 0x00, 0x0C, 0x00, 0x16, 0x00, 0x20, 0x00, 0x29, 0x00, 0x30,
	0x7E, 0x00, 0x7B, 0x00, 0x74, 0x00, 0x69, 0x00, 0x5B, 0x00, 0x4B, 0x00,
	0x3B, 0x00, 0x2B, 0x00, 0x1B, 0x00, 0x0D, 0x00, 0x00, 0x00, 0x00, 0x0C,
	0x00, 0x16, 0x00, 0x20, 0x00, 0x29, 0x00, 0x30, 0x38, 0x3F, 0x2C, 0x41,
	0x23, 0x44, 0x1D, 0x47, 0x19, 0x4A, 0x14, 0x4D, 0x12, 0x4F, 0x10, 0x52,
	0x0E, 0x54, 0x0C, 0x56, 0x0B, 0x57, 0x0A, 0x59, 0x09, 0x5A, 0x08, 0x5C,
	0x07, 0x5D, 0x07, 0x5E, 0x06, 0x5F, 0x06, 0x61, 0x05, 0x61, 0x05, 0x62,
	0x70, 0x03, 0x58, 0x08, 0x47, 0x0E, 0x3A, 0x14, 0x31, 0x1A, 0x29, 0x1F,
	0x24, 0x24, 0x20, 0x28, 0x1C, 0x2D, 0x19, 0x31, 0x16, 0x34, 0x14, 0x37,
	0x12, 0x3A, 0x10, 0x3D, 0x0F, 0x3F, 0x0E, 0x42, 0x0C, 0x44, 0x0C, 0x46,
	0x0B, 0x47, 0x0A, 0x4A, 0x00, 0x7B, 0x00, 0x7B, 0x00, 0x7B, 0x00, 0x7B,
	0x00, 0x7B, 0x00, 0x7B, 0x00, 0x7B, 0x00, 0x7B, 0x00, 0x7B, 0x00, 0x7B,
	0x00, 0x7B, 0x00, 0x7B, 0x00, 0x7B, 0x00, 0x7B, 0x00, 0x7B, 0x00, 0x7B,
	0x00, 0x7B, 0x00, 0x7B, 0x00, 0x7B, 0x00, 0x7B, 0x38, 0x3F, 0x2C, 0x41,
	0x23, 0x44, 0x1D, 0x47, 0x19, 0x4A, 0x14, 0x4D, 0x12, 0x4F, 0x10, 0x52,
	0x0E, 0x54, 0x0C, 0x56, 0x0B, 0x57, 0x0A, 0x59, 0x09, 0x5A, 0x08, 0x5C,
	0x07, 0x5D, 0x07, 0x5E, 0x06, 0x5F, 0x06, 0x61, 0x05, 0x61, 0x05, 0x62,
	0x00, 0x00, 0x00, 0x00, 0x00, 0x00, 0x00, 0x00, 0x00, 0x00, 0x00, 0x00,
	0x00, 0x00, 0x00, 0x00, 0x00, 0x00, 0x00, 0x00, 0x00, 0x00, 0x00, 0x00,
	0x00, 0x0B, 0x00, 0x15, 0x00, 0x1E, 0x00, 0x26, 0x00, 0x7E, 0x00, 0x7C,
	0x00, 0x76, 0x00, 0x6D, 0x00, 0x61, 0x00, 0x53, 0x00, 0x44, 0x00, 0x35,
	0x00, 0x27, 0x00, 0x19, 0x00, 0x0C, 0x00, 0x00, 0x00, 0x0B, 0x00, 0x15,
	0x00, 0x1E, 0x00, 0x26, 0x00, 0x00, 0x00, 0x00, 0x00, 0x00, 0x00, 0x00,
	0x00, 0x00, 0x00, 0x00, 0x00, 0x00, 0x00, 0x00, 0x00, 0x00, 0x00, 0x00,
	0x00, 0x00, 0x00, 0x00, 0x00, 0x00, 0x00, 0x00, 0x00, 0x00, 0x00, 0x00,
	0x7E, 0x00, 0x7C, 0x00, 0x76, 0x00, 0x6D, 0x00, 0x61, 0x00, 0x53, 0x00,
	0x44, 0x00, 0x35, 0x00, 0x27, 0x00, 0x19, 0x00, 0x0C, 0x00, 0x00, 0x00,
	0x00, 0x0B, 0x00, 0x15, 0x00, 0x1E, 0x00, 0x26, 0x7E, 0x00, 0x7C, 0x00,
	0x76, 0x00, 0x6D, 0x00, 0x61, 0x00, 0x53, 0x00, 0x44, 0x00, 0x35, 0x00,
	0x27, 0x00, 0x19, 0x00, 0x0C, 0x00, 0x00, 0x00, 0x00, 0x0B, 0x00, 0x15,
	0x00, 0x1E, 0x00, 0x26, 0x39, 0x3F, 0x2E, 0x41, 0x26, 0x43, 0x20, 0x46,
	0x1B, 0x48, 0x17, 0x4B, 0x14, 0x4D, 0x12, 0x4F, 0x10, 0x51, 0x0E, 0x53,
	0x0D, 0x55, 0x0B, 0x56, 0x0B, 0x58, 0x09, 0x59, 0x09, 0x5B, 0x08, 0x5B,
	0x07, 0x5D, 0x07, 0x5E, 0x06, 0x5F, 0x06, 0x60, 0x71, 0x02, 0x5B, 0x07,
	0x4C, 0x0C, 0x3F, 0x11, 0x36, 0x16, 0x2E, 0x1B, 0x29, 0x20, 0x24, 0x23,
	0x20, 0x28, 0x1D, 0x2B, 0x19, 0x2F, 0x17, 0x32, 0x16, 0x35, 0x12, 0x37,
	0x12, 0x3A, 0x10, 0x3C, 0x0F, 0x3F, 0x0E, 0x41, 0x0C, 0x42, 0x0C, 0x45,
	0x00, 0x7B, 0x00, 0x7B, 0x00, 0x7B, 0x00, 0x7B, 0x00, 0x7B, 0x00, 0x7B,
	0x00, 0x7B, 0x00, 0x7B, 0x00, 0x7B, 0x00, 0x7B, 0x00, 0x7B, 0x00, 0x7B,
	0x00, 0x7B, 0x00, 0x7B, 0x00, 0x7B, 0x00, 0x7B, 0x00, 0x7B, 0x00, 0x7B,
	0x00, 0x7B, 0x00, 0x7B, 0x39, 0x3F, 0x2E, 0x41, 0x26, 0x43, 0x20, 0x46,
	0x1B, 0x48, 0x17, 0x4B, 0x14, 0x4D, 0x12, 0x4F, 0x10, 0x51, 0x0E, 0x53,
	0x0D, 0x55, 0x0B, 0x56, 0x0B, 0x58, 0x09, 0x59, 0x09, 0x5B, 0x08, 0x5B,
	0x07, 0x5D, 0x07, 0x5E, 0x06, 0x5F, 0x06, 0x60, 0x00, 0x00, 0x00, 0x00,
	0x00, 0x00, 0x00, 0x00, 0x00, 0x00, 0x00, 0x00, 0x00, 0x00, 0x00, 0x00,
	0x00, 0x00, 0x00, 0x00, 0x00, 0x00, 0x00, 0x00, 0x00, 0x00, 0x00, 0x0A,
	0x00, 0x13, 0x00, 0x1B, 0x00, 0x7E, 0x00, 0x7C, 0x00, 0x77, 0x00, 0x6F,
	0x00, 0x65, 0x00, 0x59, 0x00, 0x4C, 0x00, 0x3E, 0x00, 0x30, 0x00, 0x23,
	0x00, 0x16, 0x00, 0x0B, 0x00, 0x00, 0x00, 0x0A, 0x00, 0x13, 0x00, 0x1B,
	0x00, 0x00, 0x00, 0x00, 0x00, 0x00, 0x00, 0x00, 0x00, 0x00, 0x00, 0x00,
	0x00, 0x00, 0x00, 0x00, 0x00, 0x00, 0x00, 0x00, 0x00, 0x00, 0x00, 0x00,
	0x00, 0x00, 0x00, 0x00, 0x00, 0x00, 0x00, 0x00, 0x7E, 0x00, 0x7C, 0x00,
	0x77, 0x00, 0x6F, 0x00, 0x65, 0x00, 0x59, 0x00, 0x4C, 0x00, 0x3E, 0x00,
	0x30, 0x00, 0x23, 0x00, 0x16, 0x00, 0x0B, 0x00, 0x00, 0x00, 0x00, 0x0A,
	0x00, 0x13, 0x00, 0x1B, 0x7E, 0x00, 0x7C, 0x00, 0x77, 0x00, 0x6F, 0x00,
	0x65, 0x00, 0x59, 0x00, 0x4C, 0x00, 0x3E, 0x00, 0x30, 0x00, 0x23, 0x00,
	0x16, 0x00, 0x0B, 0x00, 0x00, 0x00, 0x00, 0x0A, 0x00, 0x13, 0x00, 0x1B,
	0x39, 0x3E, 0x2F, 0x40, 0x28, 0x42, 0x22, 0x45, 0x1D, 0x47, 0x19, 0x49,
	0x16, 0x4B, 0x14, 0x4D, 0x11, 0x4F, 0x10, 0x51, 0x0F, 0x53, 0x0D, 0x54,
	0x0C, 0x55, 0x0B, 0x57, 0x0A, 0x58, 0x09, 0x59, 0x09, 0x5B, 0x08, 0x5B,
	0x07, 0x5C, 0x07, 0x5E, 0x73, 0x02, 0x5E, 0x05, 0x4F, 0x0A, 0x44, 0x0F,
	0x3A, 0x13, 0x33, 0x18, 0x2D, 0x1C, 0x27, 0x20, 0x23, 0x23, 0x20, 0x27,
	0x1D, 0x2A, 0x1A, 0x2D, 0x18, 0x30, 0x16, 0x33, 0x14, 0x35, 0x12, 0x38,
	0x12, 0x3A, 0x10, 0x3C, 0x0F, 0x3E, 0x0F, 0x41, 0x00, 0x7B, 0x00, 0x7B,
	0x00, 0x7B, 0x00, 0x7B, 0x00, 0x7B, 0x00, 0x7B, 0x00, 0x7B, 0x00, 0x7B,
	0x00, 0x7B, 0x00, 0x7B, 0x00, 0x7B, 0x00, 0x7B, 0x00, 0x7B, 0x00, 0x7B,
	0x00, 0x7B, 0x00, 0x7B, 0x00, 0x7B, 0x00, 0x7B, 0x00, 0x7B, 0x00, 0x7B,
	0x39, 0x3E, 0x2F, 0x40, 0x28, 0x42, 0x22, 0x45, 0x1D, 0x47, 0x19, 0x49,
	0x16, 0x4B, 0x14, 0x4D, 0x11, 0x4F, 0x10, 0x51, 0x0F, 0x53, 0x0D, 0x54,
	0x0C, 0x55, 0x0B, 0x57, 0x0A, 0x58, 0x09, 0x59, 0x09, 0x5B, 0x08, 0x5B,
	0x07, 0x5C, 0x07, 0x5E, 0x00, 0x00, 0x00, 0x00, 0x00, 0x00, 0x00, 0x00,
	0x00, 0x00, 0x00, 0x00, 0x00, 0x00, 0x00, 0x00, 0x00, 0x00, 0x00, 0x00,
	0x00, 0x00, 0x00, 0x00, 0x00, 0x00, 0x00, 0x00, 0x00, 0x09, 0x00, 0x12,
	0x00, 0x7E, 0x00, 0x7D, 0x00, 0x78, 0x00, 0x71, 0x00, 0x68, 0x00, 0x5E,
	0x00, 0x52, 0x00, 0x45, 0x00, 0x39, 0x00, 0x2C, 0x00, 0x20, 0x00, 0x15,
	0x00, 0x0A, 0x00, 0x00, 0x00, 0x09, 0x00, 0x12, 0x00, 0x00, 0x00, 0x00,
	0x00, 0x00, 0x00, 0x00, 0x00, 0x00, 0x00, 0x00, 0x00, 0x00, 0x00, 0x00,
	0x00, 0x00, 0x00, 0x00, 0x00, 0x00, 0x00, 0x00, 0x00, 0x00, 0x00, 0x00,
	0x00, 0x00, 0x00, 0x00, 0x7E, 0x00, 0x7D, 0x00, 0x78, 0x00, 0x71, 0x00,
	0x68, 0x00, 0x5E, 0x00, 0x52, 0x00, 0x45, 0x00, 0x39, 0x00, 0x2C, 0x00,
	0x20, 0x00, 0x15, 0x00, 0x0A, 0x00, 0x00, 0x00, 0x00, 0x09, 0x00, 0x12,
	0x7E, 0x00, 0x7D, 0x00, 0x78, 0x00, 0x71, 0x00, 0x68, 0x00, 0x5E, 0x00,
	0x52, 0x00, 0x45, 0x00, 0x39, 0x00, 0x2C, 0x00, 0x20, 0x00, 0x15, 0x00,
	0x0A, 0x00, 0x00, 0x00, 0x00, 0x09, 0x00, 0x12, 0x3A, 0x3E, 0x31, 0x40,
	0x29, 0x42, 0x23, 0x44, 0x1F, 0x46, 0x1B, 0x48, 0x18, 0x4A, 0x15, 0x4C,
	0x13, 0x4D, 0x11, 0x4F, 0x10, 0x50, 0x0F, 0x52, 0x0D, 0x53, 0x0D, 0x55,
	0x0B, 0x56, 0x0B, 0x57, 0x0A, 0x58, 0x09, 0x59, 0x09, 0x5B, 0x08, 0x5B,
	0x74, 0x01, 0x62, 0x05, 0x53, 0x08, 0x47, 0x0C, 0x3E, 0x11, 0x37, 0x15,
	0x31, 0x19, 0x2B, 0x1D, 0x27, 0x20, 0x23, 0x23, 0x20, 0x26, 0x1D, 0x2A,
	0x1B, 0x2C, 0x19, 0x2F, 0x16, 0x31, 0x16, 0x34, 0x13, 0x35, 0x12, 0x38,
	0x12, 0x3B, 0x0F, 0x3B, 0x00, 0x7B, 0x00, 0x7B, 0x00, 0x7B, 0x00, 0x7B,
	0x00, 0x7B, 0x00, 0x7B, 0x00, 0x7B, 0x00, 0x7B, 0x00, 0x7B, 0x00, 0x7B,
	0x00, 0x7B, 0x00, 0x7B, 0x00, 0x7B, 0x00, 0x7B, 0x00, 0x7B, 0x00, 0x7B,
	0x00, 0x7B, 0x00, 0x7B, 0x00, 0x7B, 0x00, 0x7B, 0x3A, 0x3E, 0x31, 0x40,
	0x29, 0x42, 0x23, 0x44, 0x1F, 0x46, 0x1B, 0x48, 0x18, 0x4A, 0x15, 0x4C,
	0x13, 0x4D, 0x11, 0x4F, 0x10, 0x50, 0x0F, 0x52, 0x0D, 0x53, 0x0D, 0x55,
	0x0B, 0x56, 0x0B, 0x57, 0x0A, 0x58, 0x09, 0x59, 0x09, 0x5B, 0x08, 0x5B,
	0x00, 0x00, 0x00, 0x00, 0x00, 0x00, 0x00, 0x00, 0x00, 0x00, 0x00, 0x00,
	0x00, 0x00, 0x00, 0x00, 0x00, 0x00, 0x00, 0x00, 0x00, 0x00, 0x00, 0x00,
	0x00, 0x00, 0x00, 0x00, 0x00, 0x00, 0x00, 0x08, 0x00, 0x7E, 0x00, 0x7D,
	0x00, 0x79, 0x00, 0x73, 0x00, 0x6B, 0x00, 0x62, 0x00, 0x57, 0x00, 0x4C,
	0x00, 0x40, 0x00, 0x34, 0x00, 0x29, 0x00, 0x1E, 0x00, 0x13, 0x00, 0x09,
	0x00, 0x00, 0x00, 0x08, 0x00, 0x00, 0x00, 0x00, 0x00, 0x00, 0x00, 0x00,
	0x00, 0x00, 0x00, 0x00, 0x00, 0x00, 0x00, 0x00, 0x00, 0x00, 0x00, 0x00,
	0x00, 0x00, 0x00, 0x00, 0x00, 0x00, 0x00, 0x00, 0x00, 0x00, 0x00, 0x00,
	0x7E, 0x00, 0x7D, 0x00, 0x79, 0x00, 0x73, 0x00, 0x6B, 0x00, 0x62, 0x00,
	0x57, 0x00, 0x4C, 0x00, 0x40, 0x00, 0x34, 0x00, 0x29, 0x00, 0x1E, 0x00,
	0x13, 0x00, 0x09, 0x00, 0x00, 0x00, 0x00, 0x08, 0x7E, 0x00, 0x7D, 0x00,
	0x79, 0x00, 0x73, 0x00, 0x6B, 0x00, 0x62, 0x00, 0x57, 0x00, 0x4C, 0x00,
	0x40, 0x00, 0x34, 0x00, 0x29, 0x00, 0x1E, 0x00, 0x13, 0x00, 0x09, 0x00,
	0x00, 0x00, 0x00, 0x08, 0x3A, 0x3E, 0x32, 0x3F, 0x2B, 0x41, 0x25, 0x43,
	0x21, 0x45, 0x1D, 0x46, 0x1A, 0x48, 0x17, 0x4A, 0x15, 0x4C, 0x13, 0x4E,
	0x11, 0x4F, 0x10, 0x50, 0x0F, 0x52, 0x0E, 0x53, 0x0D, 0x54, 0x0C, 0x55,
	0x0B, 0x56, 0x0B, 0x58, 0x09, 0x58, 0x09, 0x59, 0x75, 0x01, 0x64, 0x04,
	0x56, 0x07, 0x4B, 0x0B, 0x42, 0x0F, 0x3A, 0x12, 0x34, 0x16, 0x2F, 0x19,
	0x2A, 0x1D, 0x26, 0x20, 0x23, 0x23, 0x21, 0x26, 0x1D, 0x29, 0x1B, 0x2B,
	0x19, 0x2E, 0x18, 0x30, 0x16, 0x32, 0x15, 0x35, 0x12, 0x35, 0x12, 0x38,
	0x00, 0x7B, 0x00, 0x7B, 0x00, 0x7B, 0x00, 0x7B, 0x00, 0x7B, 0x00, 0x7B,
	0x00, 0x7B, 0x00, 0x7B, 0x00, 0x7B, 0x00, 0x7B, 0x00, 0x7B, 0x00, 0x7B,
	0x00, 0x7B, 0x00, 0x7B, 0x00, 0x7B, 0x00, 0x7B, 0x00, 0x7B, 0x00, 0x7B,
	0x00, 0x7B, 0x00, 0x7B, 0x3A, 0x3E, 0x32, 0x3F, 0x2B, 0x41, 0x25, 0x43,
	0x21, 0x45, 0x1D, 0x46, 0x1A, 0x48, 0x17, 0x4A, 0x15, 0x4C, 0x13, 0x4E,
	0x11, 0x4F, 0x10, 0x50, 0x0F, 0x52, 0x0E, 0x53, 0x0D, 0x54, 0x0C, 0x55,
	0x0B, 0x56, 0x0B, 0x58, 0x09, 0x58, 0x09, 0x59, 0x00, 0x00, 0x00, 0x00,
	0x00, 0x00, 0x00, 0x00, 0x00, 0x00, 0x00, 0x00, 0x00, 0x00, 0x00, 0x00,
	0x00, 0x00, 0x00, 0x00, 0x00, 0x00, 0x00, 0x00, 0x00, 0x00, 0x00, 0x00,
	0x00, 0x00, 0x00, 0x00, 0x00, 0x7E, 0x00, 0x7D, 0x00, 0x7A, 0x00, 0x75,
	0x00, 0x6E, 0x00, 0x65, 0x00, 0x5B, 0x00, 0x51, 0x00, 0x46, 0x00, 0x3B,
	0x00, 0x30, 0x00, 0x26, 0x00, 0x1B, 0x00, 0x12, 0x00, 0x08, 0x00, 0x00,
	0x00, 0x00, 0x00, 0x00, 0x00, 0x00, 0x00, 0x00, 0x00, 0x00, 0x00, 0x00,
	0x00, 0x00, 0x00, 0x00, 0x00, 0x00, 0x00, 0x00, 0x00, 0x00, 0x00, 0x00,
	0x00, 0x00, 0x00, 0x00, 0x00, 0x00, 0x00, 0x00, 0x7E, 0x00, 0x7D, 0x00,
	0x7A, 0x00, 0x75, 0x00, 0x6E, 0x00, 0x65, 0x00, 0x5B, 0x00, 0x51, 0x00,
	0x46, 0x00, 0x3B, 0x00, 0x30, 0x00, 0x26, 0x00, 0x1B, 0x00, 0x12, 0x00,
	0x08, 0x00, 0x00, 0x00, 0x7E, 0x00, 0x7D, 0x00, 0x7A, 0x00, 0x75, 0x00,
	0x6E, 0x00, 0x65, 0x00, 0x5B, 0x00, 0x51, 0x00, 0x46, 0x00, 0x3B, 0x00,
	0x30, 0x00, 0x26, 0x00, 0x1B, 0x00, 0x12, 0x00, 0x08, 0x00, 0x00, 0x00,
	0x3B, 0x3E, 0x33, 0x3F, 0x2C, 0x41, 0x27, 0x42, 0x22, 0x44, 0x1F, 0x45,
	0x1C, 0x47, 0x19, 0x49, 0x17, 0x4A, 0x15, 0x4C, 0x13, 0x4E, 0x11, 0x4F,
	0x10, 0x50, 0x0F, 0x51, 0x0E, 0x53, 0x0D, 0x54, 0x0C, 0x55, 0x0B, 0x55,
	0x0B, 0x57, 0x0A, 0x58, 0x76, 0x01, 0x66, 0x04, 0x58, 0x06, 0x4D, 0x0A,
	0x45, 0x0D, 0x3E, 0x10, 0x37, 0x14, 0x32, 0x17, 0x2D, 0x1A, 0x2A, 0x1D,
	0x26, 0x21, 0x22, 0x22, 0x21, 0x26, 0x1D, 0x28, 0x1C, 0x2B, 0x19, 0x2C,
	0x19, 0x30, 0x16, 0x30, 0x16, 0x33, 0x14, 0x35, 0x00, 0x7B, 0x00, 0x7B,
	0x00, 0x7B, 0x00, 0x7B, 0x00, 0x7B, 0x00, 0x7B, 0x00, 0x7B, 0x00, 0x7B,
	0x00, 0x7B, 0x00, 0x7B, 0x00, 0x7B, 0x00, 0x7B, 0x00, 0x7B, 0x00, 0x7B,
	0x00, 0x7B, 0x00, 0x7B, 0x00, 0x7B, 0x00, 0x7B, 0x00, 0x7B, 0x00, 0x7B,
	0x3B, 0x3E, 0x33, 0x3F, 0x2C, 0x41, 0x27, 0x42, 0x22, 0x44, 0x1F, 0x45,
	0x1C, 0x47, 0x19, 0x49, 0x17, 0x4A, 0x15, 0x4C, 0x13, 0x4E, 0x11, 0x4F,
	0x10, 0x50, 0x0F, 0x51, 0x0E, 0x53, 0x0D, 0x54, 0x0C, 0x55, 0x0B, 0x55,
	0x0B, 0x57, 0x0A, 0x58, 0x00, 0x00, 0x00, 0x00, 0x00, 0x00, 0x00, 0x00,
	0x00, 0x00, 0x00, 0x00, 0x00, 0x00, 0x00, 0x00, 0x00, 0x00, 0x00, 0x00,
	0x00, 0x00, 0x00, 0x00, 0x00, 0x00, 0x00, 0x00, 0x00, 0x00, 0x00, 0x00,
	0x00, 0x00, 0x00, 0x00, 0x00, 0x00, 0x00, 0x00, 0x00, 0x00, 0x00, 0x00,
	0x00, 0x00, 0x00, 0x00, 0x00, 0x00, 0x00, 0x00, 0x00, 0x00, 0x00, 0x00,
	0x00, 0x00, 0x00, 0x00, 0x00, 0x00, 0x00, 0x00, 0x00, 0x00, 0x00, 0x00,
	0x00, 0x00, 0x00, 0x00, 0x00, 0x00, 0x00, 0x00, 0x00, 0x00, 0x00, 0x00,
	0x00, 0x00, 0x00, 0x00, 0x00, 0x00, 0x00, 0x00, 0x00, 0x00, 0x00, 0x00,
	0x00, 0x00, 0x00, 0x00, 0x00, 0x00, 0x00, 0x00, 0x00, 0x00, 0x00, 0x00,
	0x00, 0x00, 0x00, 0x00, 0x00, 0x00, 0x00, 0x00, 0x00, 0x00, 0x00, 0x00,
	0x00, 0x00, 0x00, 0x00, 0x00, 0x00, 0x00, 0x00, 0x00, 0x00, 0x00, 0x00,
	0x00, 0x00, 0x00, 0x00, 0x00, 0x00, 0x00, 0x00, 0x00, 0x00, 0x00, 0x00,
	0x00, 0x00, 0x00, 0x00, 0x00, 0x00, 0x00, 0x00, 0x00, 0x00, 0x00, 0x00,
	0x00, 0x00, 0x00, 0x00, 0x00, 0x00, 0x00, 0x00, 0x3B, 0x3E, 0x33, 0x3F,
	0x2D, 0x40, 0x28, 0x42, 0x24, 0x44, 0x20, 0x45, 0x1D, 0x46, 0x1A, 0x48,
	0x18, 0x49, 0x16, 0x4B, 0x14, 0x4C, 0x13, 0x4E, 0x11, 0x4E, 0x10, 0x50,
	0x0F, 0x51, 0x0F, 0x53, 0x0D, 0x53, 0x0D, 0x55, 0x0B, 0x55, 0x0B, 0x56,
	0x77, 0x01, 0x67, 0x03, 0x5A, 0x05, 0x51, 0x09, 0x48, 0x0C, 0x40, 0x0F,
	0x3A, 0x12, 0x35, 0x16, 0x30, 0x18, 0x2C, 0x1B, 0x29, 0x1D, 0x26, 0x21,
	0x22, 0x22, 0x21, 0x26, 0x1D, 0x27, 0x1D, 0x2B, 0x1A, 0x2B, 0x19, 0x2E,
	0x17, 0x30, 0x16, 0x31, 0x00, 0x7B, 0x00, 0x7B, 0x00, 0x7B, 0x00, 0x7B,
	0x00, 0x7B, 0x00, 0x7B, 0x00, 0x7B, 0x00, 0x7B, 0x00, 0x7B, 0x00, 0x7B,
	0x00, 0x7B, 0x00, 0x7B, 0x00, 0x7B, 0x00, 0x7B, 0x00, 0x7B, 0x00, 0x7B,
	0x00, 0x7B, 0x00, 0x7B, 0x00, 0x7B, 0x00, 0x7B, 0x3B, 0x3E, 0x33, 0x3F,
	0x2D, 0x40, 0x28, 0x42, 0x24, 0x44, 0x20, 0x45, 0x1D, 0x46, 0x1A, 0x48,
	0x18, 0x49, 0x16, 0x4B, 0x14, 0x4C, 0x13, 0x4E, 0x11, 0x4E, 0x10, 0x50,
	0x0F, 0x51, 0x0F, 0x53, 0x0D, 0x53, 0x0D, 0x55, 0x0B, 0x55, 0x0B, 0x56,
	0x00, 0x00, 0x00, 0x00, 0x00, 0x00, 0x00, 0x00, 0x00, 0x00, 0x00, 0x00,
	0x00, 0x00, 0x00, 0x00, 0x00, 0x00, 0x00, 0x00, 0x00, 0x00, 0x00, 0x00,
	0x00, 0x00, 0x00, 0x00, 0x00, 0x00, 0x00, 0x00, 0x00, 0x00, 0x00, 0x00,
	0x00, 0x00, 0x00, 0x00, 0x00, 0x00, 0x00, 0x00, 0x00, 0x00, 0x00, 0x00,
	0x00, 0x00, 0x00, 0x00, 0x00, 0x00, 0x00, 0x00, 0x00, 0x00, 0x00, 0x00,
	0x00, 0x00, 0x00, 0x00, 0x00, 0x00, 0x00, 0x00, 0x00, 0x00, 0x00, 0x00,
	0x00, 0x00, 0x00, 0x00, 0x00, 0x00, 0x00, 0x00, 0x00, 0x00, 0x00, 0x00,
	0x00, 0x00, 0x00, 0x00, 0x00, 0x00, 0x00, 0x00, 0x00, 0x00, 0x00, 0x00,
	0x00, 0x00, 0x00, 0x00, 0x00, 0x00, 0x00, 0x00, 0x00, 0x00, 0x00, 0x00,
	0x00, 0x00, 0x00, 0x00, 0x00, 0x00, 0x00, 0x00, 0x00, 0x00, 0x00, 0x00,
	0x00, 0x00, 0x00, 0x00, 0x00, 0x00, 0x00, 0x00, 0x00, 0x00, 0x00, 0x00,
	0x00, 0x00, 0x00, 0x00, 0x00, 0x00, 0x00, 0x00, 0x00, 0x00, 0x00, 0x00,
	0x00, 0x00, 0x00, 0x00, 0x00, 0x00, 0x00, 0x00, 0x00, 0x00, 0x00, 0x00,
	0x00, 0x00, 0x00, 0x00, 0x3B, 0x3E, 0x34, 0x3F, 0x2E, 0x40, 0x29, 0x41,
	0x25, 0x43, 0x21, 0x44, 0x1E, 0x45, 0x1C, 0x47, 0x19, 0x48, 0x18, 0x4A,
	0x15, 0x4B, 0x14, 0x4C, 0x13, 0x4E, 0x11, 0x4E, 0x11, 0x50, 0x0F, 0x50,
	0x0F, 0x52, 0x0D, 0x53, 0x0D, 0x54, 0x0C, 0x55, 0x77, 0x01, 0x68, 0x02,
	0x5D, 0x05, 0x52, 0x07, 0x4A, 0x0A, 0x43, 0x0D, 0x3D, 0x10, 0x38, 0x12,
	0x33, 0x16, 0x2F, 0x19, 0x2B, 0x1B, 0x28, 0x1D, 0x26, 0x21, 0x22, 0x22,
	0x21, 0x26, 0x1E, 0x26, 0x1D, 0x2A, 0x1A, 0x2B, 0x19, 0x2D, 0x18, 0x30,
	0x00, 0x7B, 0x00, 0x7B, 0x00, 0x7B, 0x00, 0x7B, 0x00, 0x7B, 0x00, 0x7B,
	0x00, 0x7B, 0x00, 0x7B, 0x00, 0x7B, 0x00, 0x7B, 0x00, 0x7B, 0x00, 0x7B,
	0x00, 0x7B, 0x00, 0x7B, 0x00, 0x7B, 0x00, 0x7B, 0x00, 0x7B, 0x00, 0x7B,
	0x00, 0x7B, 0x00, 0x7B, 0x3B, 0x3E, 0x34, 0x3F, 0x2E, 0x40, 0x29, 0x41,
	0x25, 0x43, 0x21, 0x44, 0x1E, 0x45, 0x1C, 0x47, 0x19, 0x48, 0x18, 0x4A,
	0x15, 0x4B, 0x14, 0x4C, 0x13, 0x4E, 0x11, 0x4E, 0x11, 0x50, 0x0F, 0x50,
	0x0F, 0x52, 0x0D, 0x53, 0x0D, 0x54, 0x0C, 0x55, 0x00, 0x00, 0x00, 0x00,
	0x00, 0x00, 0x00, 0x00, 0x00, 0x00, 0x00, 0x00, 0x00, 0x00, 0x00, 0x00,
	0x00, 0x00, 0x00, 0x00, 0x00, 0x00, 0x00, 0x00, 0x00, 0x00, 0x00, 0x00,
	0x00, 0x00, 0x00, 0x00, 0x00, 0x00, 0x00, 0x00, 0x00, 0x00, 0x00, 0x00,
	0x00, 0x00, 0x00, 0x00, 0x00, 0x00, 0x00, 0x00, 0x00, 0x00, 0x00, 0x00,
	0x00, 0x00, 0x00, 0x00, 0x00, 0x00, 0x00, 0x00, 0x00, 0x00, 0x00, 0x00,
	0x00, 0x00, 0x00, 0x00, 0x00, 0x00, 0x00, 0x00, 0x00, 0x00, 0x00, 0x00,
	0x00, 0x00, 0x00, 0x00, 0x00, 0x00, 0x00, 0x00, 0x00, 0x00, 0x00, 0x00,
	0x00, 0x00, 0x00, 0x00, 0x00, 0x00, 0x00, 0x00, 0x00, 0x00, 0x00, 0x00,
	0x00, 0x00, 0x00, 0x00, 0x00, 0x00, 0x00, 0x00, 0x00, 0x00, 0x00, 0x00,
	0x00, 0x00, 0x00, 0x00, 0x00, 0x00, 0x00, 0x00, 0x00, 0x00, 0x00, 0x00,
	0x00, 0x00, 0x00, 0x00, 0x00, 0x00, 0x00, 0x00, 0x00, 0x00, 0x00, 0x00,
	0x00, 0x00, 0x00, 0x00, 0x00, 0x00, 0x00, 0x00, 0x00, 0x00, 0x00, 0x00,
	0x00, 0x00, 0x00, 0x00, 0x00, 0x00, 0x00, 0x00, 0x00, 0x00, 0x00, 0x00,
	0x3C, 0x3E, 0x35, 0x3F, 0x2F, 0x40, 0x2A, 0x41, 0x26, 0x42, 0x22, 0x44,
	0x20, 0x45, 0x1D, 0x46, 0x1B, 0x48, 0x18, 0x48, 0x17, 0x4A, 0x15, 0x4B,
	0x13, 0x4C, 0x13, 0x4E, 0x11, 0x4E, 0x11, 0x50, 0x0F, 0x50, 0x0F, 0x52,
	0x0D, 0x53, 0x0D, 0x53, 0x77, 0x00, 0x6A, 0x02, 0x5E, 0x04, 0x55, 0x07,
	0x4C, 0x0A, 0x45, 0x0C, 0x40, 0x0F, 0x3A, 0x12, 0x35, 0x14, 0x31, 0x16,
	0x2E, 0x19, 0x2B, 0x1C, 0x27, 0x1D, 0x26, 0x22, 0x21, 0x22, 0x21, 0x25,
	0x1E, 0x26, 0x1D, 0x29, 0x1B, 0x2B, 0x19, 0x2B, 0x00, 0x7B, 0x00, 0x7B,
	0x00, 0x7B, 0x00, 0x7B, 0x00, 0x7B, 0x00, 0x7B, 0x00, 0x7B, 0x00, 0x7B,
	0x00, 0x7B, 0x00, 0x7B, 0x00, 0x7B, 0x00, 0x7B, 0x00, 0x7B, 0x00, 0x7B,
	0x00, 0x7B, 0x00, 0x7B, 0x00, 0x7B, 0x00, 0x7B, 0x00, 0x7B, 0x00, 0x7B,
	0x3C, 0x3E, 0x35, 0x3F, 0x2F, 0x40, 0x2A, 0x41, 0x26, 0x42, 0x22, 0x44,
	0x20, 0x45, 0x1D, 0x46, 0x1B, 0x48, 0x18, 0x48, 0x17, 0x4A, 0x15, 0x4B,
	0x13, 0x4C, 0x13, 0x4E, 0x11, 0x4E, 0x11, 0x50, 0x0F, 0x50, 0x0F, 0x52,
	0x0D, 0x53, 0x0D, 0x53, 0x00, 0x00, 0x00, 0x00, 0x00, 0x00, 0x00, 0x00,
	0x00, 0x00, 0x00, 0x00, 0x00, 0x00, 0x00, 0x00, 0x00, 0x00, 0x00, 0x00,
	0x00, 0x00, 0x00, 0x00, 0x00, 0x00, 0x00, 0x00, 0x00, 0x00, 0x00, 0x00,
	0x00, 0x00, 0x00, 0x00, 0x00, 0x00, 0x00, 0x00, 0x00, 0x00, 0x00, 0x00,
	0x00, 0x00, 0x00, 0x00, 0x00, 0x00, 0x00, 0x00, 0x00, 0x00, 0x00, 0x00,
	0x00, 0x00, 0x00, 0x00, 0x00, 0x00, 0x00, 0x00, 0x00, 0x00, 0x00, 0x00,
	0x00, 0x00, 0x00, 0x00, 0x00, 0x00, 0x00, 0x00, 0x00, 0x00, 0x00, 0x00,
	0x00, 0x00, 0x00, 0x00, 0x00, 0x00, 0x00, 0x00, 0x00, 0x00, 0x00, 0x00,
	0x00, 0x00, 0x00, 0x00, 0x00, 0x00, 0x00, 0x00, 0x00, 0x00, 0x00, 0x00,
	0x00, 0x00, 0x00, 0x00, 0x00, 0x00, 0x00, 0x00, 0x00, 0x00, 0x00, 0x00,
	0x00, 0x00, 0x00, 0x00, 0x00, 0x00, 0x00, 0x00, 0x00, 0x00, 0x00, 0x00,
	0x00, 0x00, 0x00, 0x00, 0x00, 0x00, 0x00, 0x00, 0x00, 0x00, 0x00, 0x00,
	0x00, 0x00, 0x00, 0x00, 0x00, 0x00, 0x00, 0x00, 0x00, 0x00, 0x00, 0x00,
	0x00, 0x00, 0x00, 0x00, 0x00, 0x00, 0x00, 0x00, 0x3C, 0x3E, 0x35, 0x3F,
	0x30, 0x3F, 0x2B, 0x40, 0x27, 0x42, 0x24, 0x43, 0x21, 0x44, 0x1E, 0x45,
	0x1C, 0x46, 0x1A, 0x48, 0x18, 0x49, 0x16, 0x4A, 0x15, 0x4C, 0x13, 0x4C,
	0x13, 0x4E, 0x11, 0x4E, 0x11, 0x50, 0x0F, 0x50, 0x0F, 0x51, 0x0E, 0x53,
	0x78, 0x00, 0x6B, 0x02, 0x60, 0x04, 0x57, 0x06, 0x4F, 0x09, 0x48, 0x0C,
	0x42, 0x0E, 0x3C, 0x10, 0x38, 0x12, 0x34, 0x16, 0x30, 0x18, 0x2D, 0x19,
	0x2B, 0x1D, 0x26, 0x1E, 0x25, 0x22, 0x21, 0x22, 0x21, 0x25, 0x1E, 0x26,
	0x1D, 0x28, 0x1C, 0x2B, 0x00, 0x7B, 0x00, 0x7B, 0x00, 0x7B, 0x00, 0x7B,
	0x00, 0x7B, 0x00, 0x7B, 0x00, 0x7B, 0x00, 0x7B, 0x00, 0x7B, 0x00, 0x7B,
	0x00, 0x7B, 0x00, 0x7B, 0x00, 0x7B, 0x00, 0x7B, 0x00, 0x7B, 0x00, 0x7B,
	0x00, 0x7B, 0x00, 0x7B, 0x00, 0x7B, 0x00, 0x7B, 0x3C, 0x3E, 0x35, 0x3F,
	0x30, 0x3F, 0x2B, 0x40, 0x27, 0x42, 0x24, 0x43, 0x21, 0x44, 0x1E, 0x45,
	0x1C, 0x46, 0x1A, 0x48, 0x18, 0x49, 0x16, 0x4A, 0x15, 0x4C, 0x13, 0x4C,
	0x13, 0x4E, 0x11, 0x4E, 0x11, 0x50, 0x0F, 0x50, 0x0F, 0x51, 0x0E, 0x53,
	0x00, 0x00, 0x00, 0x00, 0x00, 0x00, 0x00, 0x00, 0x00, 0x00, 0x00, 0x00,
	0x00, 0x00, 0x00, 0x00, 0x00, 0x00, 0x00, 0x00, 0x00, 0x00, 0x00, 0x00,
	0x00, 0x00, 0x00, 0x00, 0x00, 0x00, 0x00, 0x00, 0x00, 0x00, 0x00, 0x00,
	0x00, 0x00, 0x00, 0x00, 0x00, 0x00, 0x00, 0x00, 0x00, 0x00, 0x00, 0x00,
	0x00, 0x00, 0x00, 0x00, 0x00, 0x00, 0x00, 0x00, 0x00, 0x00, 0x00, 0x00,
	0x00, 0x00, 0x00, 0x00, 0x00, 0x00, 0x00, 0x00, 0x00, 0x00, 0x00, 0x00,
	0x00, 0x00, 0x00, 0x00, 0x00, 0x00, 0x00, 0x00, 0x00, 0x00, 0x00, 0x00,
	0x00, 0x00, 0x00, 0x00, 0x00, 0x00, 0x00, 0x00, 0x00, 0x00, 0x00, 0x00,
	0x00, 0x00, 0x00, 0x00, 0x00, 0x00, 0x00, 0x00, 0x00, 0x00, 0x00, 0x00,
	0x00, 0x00, 0x00, 0x00, 0x00, 0x00, 0x00, 0x00, 0x00, 0x00, 0x00, 0x00,
	0x00, 0x00, 0x00, 0x00, 0x00, 0x00, 0x00, 0x00, 0x00, 0x00, 0x00, 0x00,
	0x00, 0x00, 0x00, 0x00, 0x00, 0x00, 0x00, 0x00, 0x00, 0x00, 0x00, 0x00,
	0x00, 0x00, 0x00, 0x00, 0x00, 0x00, 0x00, 0x00, 0x00, 0x00, 0x00, 0x00,
	0x00, 0x00, 0x00, 0x00, 0x3C, 0x3E, 0x36, 0x3F, 0x30, 0x3F, 0x2C, 0x40,
	0x28, 0x41, 0x25, 0x42, 0x22, 0x44, 0x1F, 0x45, 0x1D, 0x46, 0x1B, 0x47,
	0x19, 0x48, 0x18, 0x4A, 0x15, 0x4A, 0x15, 0x4C, 0x13, 0x4C, 0x13, 0x4E,
	0x11, 0x4E, 0x11, 0x50, 0x0F, 0x50, 0x0F, 0x51, 0x78, 0x00, 0x6D, 0x02,
	0x61, 0x04, 0x58, 0x05, 0x51, 0x07, 0x4A, 0x0A, 0x44, 0x0C, 0x3F, 0x0F,
	0x3A, 0x12, 0x35, 0x14, 0x32, 0x16, 0x30, 0x19, 0x2B, 0x19, 0x2A, 0x1D,
	0x26, 0x1E, 0x25, 0x22, 0x21, 0x22, 0x21, 0x25, 0x1E, 0x26, 0x1D, 0x27,
	0x00, 0x7B, 0x00, 0x7B, 0x00, 0x7B, 0x00, 0x7B, 0x00, 0x7B, 0x00, 0x7B,
	0x00, 0x7B, 0x00, 0x7B, 0x00, 0x7B, 0x00, 0x7B, 0x00, 0x7B, 0x00, 0x7B,
	0x00, 0x7B, 0x00, 0x7B, 0x00, 0x7B, 0x00, 0x7B, 0x00, 0x7B, 0x00, 0x7B,
	0x00, 0x7B, 0x00, 0x7B, 0x3C, 0x3E, 0x36, 0x3F, 0x30, 0x3F, 0x2C, 0x40,
	0x28, 0x41, 0x25, 0x42, 0x22, 0x44, 0x1F, 0x45, 0x1D, 0x46, 0x1B, 0x47,
	0x19, 0x48, 0x18, 0x4A, 0x15, 0x4A, 0x15, 0x4C, 0x13, 0x4C, 0x13, 0x4E,
	0x11, 0x4E, 0x11, 0x50, 0x0F, 0x50, 0x0F, 0x51, 0x00, 0x00, 0x00, 0x00,
	0x00, 0x00, 0x00, 0x00, 0x00, 0x00, 0x00, 0x00, 0x00, 0x00, 0x00, 0x00,
	0x00, 0x00, 0x00, 0x00, 0x00, 0x00, 0x00, 0x00, 0x00, 0x00, 0x00, 0x00,
	0x00, 0x00, 0x00, 0x00, 0x00, 0x00, 0x00, 0x00, 0x00, 0x00, 0x00, 0x00,
	0x00, 0x00, 0x00, 0x00, 0x00, 0x00, 0x00, 0x00, 0x00, 0x00, 0x00, 0x00,
	0x00, 0x00, 0x00, 0x00, 0x00, 0x00, 0x00, 0x00, 0x00, 0x00, 0x00, 0x00,
	0x00, 0x00, 0x00, 0x00, 0x00, 0x00, 0x00, 0x00, 0x00, 0x00, 0x00, 0x00,
	0x00, 0x00, 0x00, 0x00, 0x00, 0x00, 0x00, 0x00, 0x00, 0x00, 0x00, 0x00,
	0x00, 0x00, 0x00, 0x00, 0x00, 0x00, 0x00, 0x00, 0x00, 0x00, 0x00, 0x00,
	0x00, 0x00, 0x00, 0x00, 0x00, 0x00, 0x00, 0x00, 0x00, 0x00, 0x00, 0x00,
	0x00, 0x00, 0x00, 0x00, 0x00, 0x00, 0x00, 0x00, 0x00, 0x00, 0x00, 0x00,
	0x00, 0x00, 0x00, 0x00, 0x00, 0x00, 0x00, 0x00, 0x00, 0x00, 0x00, 0x00,
	0x00, 0x00, 0x00, 0x00, 0x00, 0x00, 0x00, 0x00, 0x00, 0x00, 0x00, 0x00,
	0x00, 0x00, 0x00, 0x00, 0x00, 0x00, 0x00, 0x00, 0x00, 0x00, 0x00, 0x00,
	0x3C, 0x3E, 0x37, 0x3E, 0x31, 0x3F, 0x2D, 0x40, 0x29, 0x41, 0x26, 0x42,
	0x23, 0x44, 0x20, 0x45, 0x1E, 0x45, 0x1C, 0x46, 0x1A, 0x48, 0x18, 0x48,
	0x17, 0x4A, 0x15, 0x4A, 0x14, 0x4C, 0x13, 0x4C, 0x12, 0x4E, 0x11, 0x4E,
	0x11, 0x50, 0x0F, 0x50, 0x78, 0x00, 0x6D, 0x02, 0x63, 0x04, 0x5A, 0x05,
	0x53, 0x07, 0x4C, 0x0A, 0x46, 0x0C, 0x41, 0x0F, 0x3C, 0x0F, 0x38, 0x12,
	0x35, 0x16, 0x30, 0x16, 0x2E, 0x19, 0x2B, 0x1A, 0x29, 0x1D, 0x26, 0x1E,
	0x25, 0x22, 0x21, 0x22, 0x21, 0x25, 0x1F, 0x26, 0x00, 0x7B, 0x00, 0x7B,
	0x00, 0x7B, 0x00, 0x7B, 0x00, 0x7B, 0x00, 0x7B, 0x00, 0x7B, 0x00, 0x7B,
	0x00, 0x7B, 0x00, 0x7B, 0x00, 0x7B, 0x00, 0x7B, 0x00, 0x7B, 0x00, 0x7B,
	0x00, 0x7B, 0x00, 0x7B, 0x00, 0x7B, 0x00, 0x7B, 0x00, 0x7B, 0x00, 0x7B,
	0x3C, 0x3E, 0x37, 0x3E, 0x31, 0x3F, 0x2D, 0x40, 0x29, 0x41, 0x26, 0x42,
	0x23, 0x44, 0x20, 0x45, 0x1E, 0x45, 0x1C, 0x46, 0x1A, 0x48, 0x18, 0x48,
	0x17, 0x4A, 0x15, 0x4A, 0x14, 0x4C, 0x13, 0x4C, 0x12, 0x4E, 0x11, 0x4E,
	0x11, 0x50, 0x0F, 0x50, 0x00, 0x00, 0x00, 0x00, 0x00, 0x00, 0x00, 0x00,
	0x00, 0x00, 0x00, 0x00, 0x00, 0x00, 0x00, 0x00, 0x00, 0x00, 0x00, 0x00,
	0x00, 0x00, 0x00, 0x00, 0x00, 0x00, 0x00, 0x00, 0x00, 0x00, 0x00, 0x00,
	0x00, 0x00, 0x00, 0x00, 0x00, 0x00, 0x00, 0x00, 0x00, 0x00, 0x00, 0x00,
	0x00, 0x00, 0x00, 0x00, 0x00, 0x00, 0x00, 0x00, 0x00, 0x00, 0x00, 0x00,
	0x00, 0x00, 0x00, 0x00, 0x00, 0x00, 0x00, 0x00, 0x00, 0x00, 0x00, 0x00,
	0x00, 0x00, 0x00, 0x00, 0x00, 0x00, 0x00, 0x00, 0x00, 0x00, 0x00, 0x00,
	0x00, 0x00, 0x00, 0x00, 0x00, 0x00, 0x00, 0x00, 0x00, 0x00, 0x00, 0x00,
	0x00, 0x00, 0x00, 0x00, 0x00, 0x00, 0x00, 0x00, 0x00, 0x00, 0x00, 0x00,
	0x00, 0x00, 0x00, 0x00, 0x00, 0x00, 0x00, 0x00, 0x00, 0x00, 0x00, 0x00,
	0x00, 0x00, 0x00, 0x00, 0x00, 0x00, 0x00, 0x00, 0x00, 0x00, 0x00, 0x00,
	0x00, 0x00, 0x00, 0x00, 0x00, 0x00, 0x00, 0x00, 0x00, 0x00, 0x00, 0x00,
	0x00, 0x00, 0x00, 0x00, 0x00, 0x00, 0x00, 0x00, 0x00, 0x00, 0x00, 0x00,
	0x00, 0x00, 0x00, 0x00, 0x00, 0x00, 0x00, 0x00, 0x3C, 0x3E, 0x37, 0x3E,
	0x32, 0x3F, 0x2E, 0x40, 0x2A, 0x41, 0x27, 0x42, 0x24, 0x43, 0x21, 0x44,
	0x1F, 0x45, 0x1D, 0x46, 0x1B, 0x47, 0x1A, 0x48, 0x18, 0x49, 0x16, 0x4A,
	0x15, 0x4B, 0x14, 0x4C, 0x13, 0x4D, 0x12, 0x4E, 0x11, 0x4E, 0x11, 0x50,
	0x78, 0x00, 0x6E, 0x01, 0x65, 0x03, 0x5C, 0x05, 0x54, 0x07, 0x4E, 0x09,
	0x48, 0x0B, 0x43, 0x0C, 0x3E, 0x0F, 0x3B, 0x12, 0x36, 0x12, 0x33, 0x16,
	0x30, 0x17, 0x2D, 0x19, 0x2B, 0x1B, 0x28, 0x1D, 0x26, 0x1E, 0x25, 0x22,
	0x21, 0x22, 0x21, 0x24, 0x00, 0x7B, 0x00, 0x7B, 0x00, 0x7B, 0x00, 0x7B,
	0x00, 0x7B, 0x00, 0x7B, 0x00, 0x7B, 0x00, 0x7B, 0x00, 0x7B, 0x00, 0x7B,
	0x00, 0x7B, 0x00, 0x7B, 0x00, 0x7B, 0x00, 0x7B, 0x00, 0x7B, 0x00, 0x7B,
	0x00, 0x7B, 0x00, 0x7B, 0x00, 0x7B, 0x00, 0x7B, 0x3C, 0x3E, 0x37, 0x3E,
	0x32, 0x3F, 0x2E, 0x40, 0x2A, 0x41, 0x27, 0x42, 0x24, 0x43, 0x21, 0x44,
	0x1F, 0x45, 0x1D, 0x46, 0x1B, 0x47, 0x1A, 0x48, 0x18, 0x49, 0x16, 0x4A,
	0x15, 0x4B, 0x14, 0x4C, 0x13, 0x4D, 0x12, 0x4E, 0x11, 0x4E, 0x11, 0x50,
	0x00, 0x00, 0x00, 0x00, 0x00, 0x00, 0x00, 0x00, 0x00, 0x00, 0x00, 0x00,
	0x00, 0x00, 0x00, 0x00, 0x00, 0x00, 0x00, 0x00, 0x00, 0x00, 0x00, 0x00,
	0x00, 0x00, 0x00, 0x00, 0x00, 0x00, 0x00, 0x00, 0x00, 0x00, 0x00, 0x00,
	0x00, 0x00, 0x00, 0x00, 0x00, 0x00, 0x00, 0x00, 0x00, 0x00, 0x00, 0x00,
	0x00, 0x00, 0x00, 0x00, 0x00, 0x00, 0x00, 0x00, 0x00, 0x00, 0x00, 0x00,
	0x00, 0x00, 0x00, 0x00, 0x00, 0x00, 0x00, 0x00, 0x00, 0x00, 0x00, 0x00,
	0x00, 0x00, 0x00, 0x00, 0x00, 0x00, 0x00, 0x00, 0x00, 0x00, 0x00, 0x00,
	0x00, 0x00, 0x00, 0x00, 0x00, 0x00, 0x00, 0x00, 0x00, 0x00, 0x00, 0x00,
	0x00, 0x00, 0x00, 0x00, 0x00, 0x00, 0x00, 0x00, 0x00, 0x00, 0x00, 0x00,
	0x00, 0x00, 0x00, 0x00, 0x00, 0x00, 0x00, 0x00, 0x00, 0x00, 0x00, 0x00,
	0x00, 0x00, 0x00, 0x00, 0x00, 0x00, 0x00, 0x00, 0x00, 0x00, 0x00, 0x00,
	0x00, 0x00, 0x00, 0x00, 0x00, 0x00, 0x00, 0x00, 0x00, 0x00, 0x00, 0x00,
	0x00, 0x00, 0x00, 0x00, 0x00, 0x00, 0x00, 0x00, 0x00, 0x00, 0x00, 0x00,
	0x00, 0x00, 0x00, 0x00, 0x3C, 0x3E, 0x37, 0x3E, 0x33, 0x3F, 0x2E, 0x3F,
	0x2B, 0x40, 0x28, 0x41, 0x25, 0x42, 0x22, 0x44, 0x20, 0x45, 0x1E, 0x45,
	0x1C, 0x46, 0x1B, 0x48, 0x19, 0x48, 0x18, 0x4A, 0x16, 0x4A, 0x15, 0x4B,
	0x13, 0x4C, 0x13, 0x4D, 0x12, 0x4E, 0x11, 0x4E, 0x79, 0x00, 0x6F, 0x01,
	0x66, 0x02, 0x5D, 0x04, 0x56, 0x06, 0x4F, 0x07, 0x4A, 0x0A, 0x45, 0x0C,
	0x41, 0x0F, 0x3B, 0x0F, 0x38, 0x12, 0x35, 0x14, 0x31, 0x16, 0x30, 0x18,
	0x2B, 0x19, 0x2B, 0x1C, 0x27, 0x1D, 0x26, 0x1F, 0x24, 0x22, 0x21, 0x22,
	0x00, 0x7B, 0x00, 0x7B, 0x00, 0x7B, 0x00, 0x7B, 0x00, 0x7B, 0x00, 0x7B,
	0x00, 0x7B, 0x00, 0x7B, 0x00, 0x7B, 0x00, 0x7B, 0x00, 0x7B, 0x00, 0x7B,
	0x00, 0x7B, 0x00, 0x7B, 0x00, 0x7B, 0x00, 0x7B, 0x00, 0x7B, 0x00, 0x7B,
	0x00, 0x7B, 0x00, 0x7B, 0x3C, 0x3E, 0x37, 0x3E, 0x33, 0x3F, 0x2E, 0x3F,
	0x2B, 0x40, 0x28, 0x41, 0x25, 0x42, 0x22, 0x44, 0x20, 0x45, 0x1E, 0x45,
	0x1C, 0x46, 0x1B, 0x48, 0x19, 0x48, 0x18, 0x4A, 0x16, 0x4A, 0x15, 0x4B,
	0x13, 0x4C, 0x13, 0x4D, 0x12, 0x4E, 0x11, 0x4E, 0x00, 0x00, 0x00, 0x00,
	0x00, 0x00, 0x00, 0x00, 0x00, 0x00, 0x00, 0x00, 0x00, 0x00, 0x00, 0x00,
	0x00, 0x00, 0x00, 0x00, 0x00, 0x00, 0x00, 0x00, 0x00, 0x00, 0x00, 0x00,
	0x00, 0x00, 0x00, 0x00, 0x00, 0x00, 0x00, 0x00, 0x00, 0x00, 0x00, 0x00,
	0x00, 0x00, 0x00, 0x00, 0x00, 0x00, 0x00, 0x00, 0x00, 0x00, 0x00, 0x00,
	0x00, 0x00, 0x00, 0x00, 0x00, 0x00, 0x00, 0x00, 0x00, 0x00, 0x00, 0x00,
	0x00, 0x00, 0x00, 0x00, 0x00, 0x00, 0x00, 0x00, 0x00, 0x00, 0x00, 0x00,
	0x00, 0x00, 0x00, 0x00, 0x00, 0x00, 0x00, 0x00, 0x00, 0x00, 0x00, 0x00,
	0x00, 0x00, 0x00, 0x00, 0x00, 0x00, 0x00, 0x00, 0x00, 0x00, 0x00, 0x00,
	0x00, 0x00, 0x00, 0x00, 0x00, 0x00, 0x00, 0x00, 0x00, 0x00, 0x00, 0x00,
	0x00, 0x00, 0x00, 0x00, 0x00, 0x00, 0x00, 0x00, 0x00, 0x00, 0x00, 0x00,
	0x00, 0x00, 0x00, 0x00, 0x00, 0x00, 0x00, 0x00, 0x00, 0x00, 0x00, 0x00,
	0x00, 0x00, 0x00, 0x00, 0x00, 0x00, 0x00, 0x00, 0x00, 0x00, 0x00, 0x00,
	0x00, 0x00, 0x00, 0x00, 0x00, 0x00, 0x00, 0x00, 0x00, 0x00, 0x00, 0x00,
	0x62, 0x00, 0x6C, 0x00, 0x72, 0x00, 0x74, 0x00, 0x77, 0x00, 0x79, 0x00,
	0x79, 0x00, 0x7A, 0x00, 0x7B, 0x00, 0x7B, 0x00, 0x7C, 0x00, 0x7C, 0x00,
	0x7D, 0x00, 0x7D, 0x00, 0x7D, 0x00, 0x7C, 0x00, 0x7E, 0x00, 0x7E, 0x00,
	0x7E, 0x00, 0x7E, 0x00, 0x81, 0x00, 0x82, 0x00, 0x83, 0x00, 0x81, 0x00,
	0x83, 0x00, 0x83, 0x00, 0x83, 0x00, 0x82, 0x00, 0x83, 0x00, 0x83, 0x00,
	0x83, 0x00, 0x83, 0x00, 0x83, 0x00, 0x83, 0x00, 0x83, 0x00, 0x81, 0x00,
	0x83, 0x00, 0x83, 0x00, 0x83, 0x00, 0x83, 0x00, 0x08, 0x00, 0x44, 0x00,
	0x56, 0x00, 0x61, 0x00, 0x67, 0x00, 0x6B, 0x00, 0x6E, 0x00, 0x70, 0x00,
	0x71, 0x00, 0x73, 0x00, 0x74, 0x00, 0x75, 0x00, 0x76, 0x00, 0x76, 0x00,
	0x77, 0x00, 0x77, 0x00, 0x77, 0x00, 0x78, 0x00, 0x78, 0x00, 0x78, 0x00,
	0x44, 0x00, 0x63, 0x00, 0x6C, 0x00, 0x71, 0x00, 0x75, 0x00, 0x77, 0x00,
	0x79, 0x00, 0x79, 0x00, 0x7A, 0x00, 0x7B, 0x00, 0x7B, 0x00, 0x7C, 0x00,
	0x7C, 0x00, 0x7D, 0x00, 0x7D, 0x00, 0x7C, 0x00, 0x7D, 0x00, 0x7E, 0x00,
	0x7E, 0x00, 0x7E, 0x00, 0x00, 0x00, 0x00, 0x00, 0x00, 0x00, 0x00, 0x00,
	0x00, 0x00, 0x00, 0x00, 0x00, 0x00, 0x00, 0x00, 0x00, 0x00, 0x00, 0x00,
	0x00, 0x00, 0x00, 0x00, 0x00, 0x00, 0x00, 0x00, 0x00, 0x00, 0x00, 0x00,
	0x00, 0x00, 0x00, 0x00, 0x00, 0x00, 0x00, 0x00, 0x00, 0x00, 0x00, 0x00,
	0x00, 0x00, 0x00, 0x00, 0x00, 0x00, 0x00, 0x00, 0x00, 0x00, 0x00, 0x00,
	0x00, 0x00, 0x00, 0x00, 0x00, 0x00, 0x00, 0x00, 0x00, 0x00, 0x00, 0x00,
	0x00, 0x00, 0x00, 0x00, 0x00, 0x00, 0x00, 0x00, 0x00, 0x00, 0x00, 0x00,
	0x00, 0x00, 0x00, 0x00, 0x00, 0x00, 0x00, 0x00, 0x00, 0x00, 0x00, 0x00,
	0x00, 0x00, 0x00, 0x00, 0x00, 0x00, 0x00, 0x00, 0x00, 0x00, 0x00, 0x00,
	0x00, 0x00, 0x00, 0x00, 0x00, 0x00, 0x00, 0x00, 0x00, 0x00, 0x00, 0x00,
	0x00, 0x00, 0x00, 0x00, 0x00, 0x00, 0x00, 0x00, 0x00, 0x00, 0x00, 0x00,
	0x00, 0x00, 0x00, 0x00, 0x00, 0x00, 0x00, 0x00, 0x00, 0x00, 0x00, 0x00,
	0x00, 0x00, 0x00, 0x00, 0x00, 0x00, 0x00, 0x00, 0x00, 0x00, 0x00, 0x00,
	0x00, 0x00, 0x00, 0x00, 0x00, 0x00, 0x00, 0x00, 0x4C, 0x0B, 0x57, 0x06,
	0x5F, 0x03, 0x63, 0x02, 0x68, 0x02, 0x6B, 0x01, 0x6D, 0x01, 0x6E, 0x01,
	0x71, 0x00, 0x72, 0x00, 0x73, 0x00, 0x74, 0x00, 0x75, 0x00, 0x76, 0x00,
	0x76, 0x00, 0x76, 0x00, 0x78, 0x00, 0x78, 0x00, 0x78, 0x00, 0x79, 0x00,
	0x82, 0x00, 0x82, 0x00, 0x83, 0x00, 0x81, 0x00, 0x83, 0x00, 0x83, 0x00,
	0x83, 0x00, 0x82, 0x00, 0x83, 0x00, 0x83, 0x00, 0x83, 0x00, 0x83, 0x00,
	0x83, 0x00, 0x83, 0x00, 0x83, 0x00, 0x81, 0x00, 0x83, 0x00, 0x83, 0x00,
	0x83, 0x00, 0x83, 0x00, 0x00, 0x40, 0x17, 0x17, 0x2C, 0x0C, 0x3B, 0x07,
	0x45, 0x05, 0x4D, 0x04, 0x53, 0x03, 0x57, 0x02, 0x5C, 0x02, 0x5E, 0x01,
	0x61, 0x01, 0x63, 0x01, 0x66, 0x01, 0x67, 0x01, 0x68, 0x00, 0x69, 0x00,
	0x6B, 0x00, 0x6C, 0x00, 0x6D, 0x00, 0x6E, 0x00, 0x41, 0x20, 0x4D, 0x0B,
	0x58, 0x06, 0x5E, 0x03, 0x64, 0x02, 0x68, 0x02, 0x6B, 0x01, 0x6C, 0x01,
	0x6F, 0x01, 0x71, 0x00, 0x72, 0x00, 0x73, 0x00, 0x74, 0x00, 0x75, 0x00,
	0x76, 0x00, 0x75, 0x00, 0x77, 0x00, 0x78, 0x00, 0x78, 0x00, 0x78, 0x00,
	0x00, 0x00, 0x00, 0x00, 0x00, 0x00, 0x00, 0x00, 0x00, 0x00, 0x00, 0x00,
	0x00, 0x00, 0x00, 0x00, 0x00, 0x00, 0x00, 0x00, 0x00, 0x00, 0x00, 0x00,
	0x00, 0x00, 0x00, 0x00, 0x00, 0x00, 0x00, 0x00, 0x00, 0x00, 0x00, 0x00,
	0x00, 0x00, 0x00, 0x00, 0x00, 0x00, 0x00, 0x00, 0x00, 0x00, 0x00, 0x00,
	0x00, 0x00, 0x00, 0x00, 0x00, 0x00, 0x00, 0x00, 0x00, 0x00, 0x00, 0x00,
	0x00, 0x00, 0x00, 0x00, 0x00, 0x00, 0x00, 0x00, 0x00, 0x00, 0x00, 0x00,
	0x00, 0x00, 0x00, 0x00, 0x00, 0x00, 0x00, 0x00, 0x00, 0x00, 0x00, 0x00,
	0x00, 0x00, 0x00, 0x00, 0x00, 0x00, 0x00, 0x00, 0x00, 0x00, 0x00, 0x00,
	0x00, 0x00, 0x00, 0x00, 0x00, 0x00, 0x00, 0x00, 0x00, 0x00, 0x00, 0x00,
	0x00, 0x00, 0x00, 0x00, 0x00, 0x00, 0x00, 0x00, 0x00, 0x00, 0x00, 0x00,
	0x00, 0x00, 0x00, 0x00, 0x00, 0x00, 0x00, 0x00, 0x00, 0x00, 0x00, 0x00,
	0x00, 0x00, 0x00, 0x00, 0x00, 0x00, 0x00, 0x00, 0x00, 0x00, 0x00, 0x00,
	0x00, 0x00, 0x00, 0x00, 0x00, 0x00, 0x00, 0x00, 0x00, 0x00, 0x00, 0x00,
	0x00, 0x00, 0x00, 0x00, 0x47, 0x15, 0x4F, 0x0D, 0x56, 0x09, 0x59, 0x06,
	0x5F, 0x05, 0x62, 0x04, 0x65, 0x03, 0x67, 0x02, 0x69, 0x02, 0x6B, 0x02,
	0x6C, 0x02, 0x6E, 0x01, 0x6F, 0x01, 0x70, 0x01, 0x71, 0x01, 0x70, 0x01,
	0x72, 0x00, 0x73, 0x00, 0x74, 0x00, 0x74, 0x00, 0x83, 0x00, 0x82, 0x00,
	0x83, 0x00, 0x81, 0x00, 0x83, 0x00, 0x83, 0x00, 0x83, 0x00, 0x82, 0x00,
	0x83, 0x00, 0x83, 0x00, 0x83, 0x00, 0x83, 0x00, 0x83, 0x00, 0x83, 0x00,
	0x83, 0x00, 0x81, 0x00, 0x83, 0x00, 0x83, 0x00, 0x83, 0x00, 0x83, 0x00,
	0x00, 0x55, 0x0C, 0x2C, 0x1B, 0x1B, 0x27, 0x12, 0x32, 0x0D, 0x3A, 0x0B,
	0x41, 0x08, 0x47, 0x07, 0x4C, 0x05, 0x4F, 0x05, 0x53, 0x04, 0x56, 0x04,
	0x58, 0x03, 0x5A, 0x02, 0x5D, 0x02, 0x5E, 0x02, 0x60, 0x02, 0x61, 0x01,
	0x63, 0x01, 0x64, 0x01, 0x41, 0x2A, 0x47, 0x16, 0x4F, 0x0D, 0x54, 0x09,
	0x5B, 0x06, 0x5F, 0x05, 0x62, 0x04, 0x64, 0x03, 0x67, 0x02, 0x69, 0x02,
	0x6B, 0x02, 0x6C, 0x02, 0x6E, 0x01, 0x6F, 0x01, 0x70, 0x01, 0x70, 0x01,
	0x71, 0x01, 0x72, 0x00, 0x73, 0x00, 0x74, 0x00, 0x00, 0x00, 0x00, 0x00,
	0x00, 0x00, 0x00, 0x00, 0x00, 0x00, 0x00, 0x00, 0x00, 0x00, 0x00, 0x00,
	0x00, 0x00, 0x00, 0x00, 0x00, 0x00, 0x00, 0x00, 0x00, 0x00, 0x00, 0x00,
	0x00, 0x00, 0x00, 0x00, 0x00, 0x00, 0x00, 0x00, 0x00, 0x00, 0x00, 0x00,
	0x00, 0x00, 0x00, 0x00, 0x00, 0x00, 0x00, 0x00, 0x00, 0x00, 0x00, 0x00,
	0x00, 0x00, 0x00, 0x00, 0x00, 0x00, 0x00, 0x00, 0x00, 0x00, 0x00, 0x00,
	0x00, 0x00, 0x00, 0x00, 0x00, 0x00, 0x00, 0x00, 0x00, 0x00, 0x00, 0x00,
	0x00, 0x00, 0x00, 0x00, 0x00, 0x00, 0x00, 0x00, 0x00, 0x00, 0x00, 0x00,
	0x00, 0x00, 0x00, 0x00, 0x00, 0x00, 0x00, 0x00, 0x00, 0x00, 0x00, 0x00,
	0x00, 0x00, 0x00, 0x00, 0x00, 0x00, 0x00, 0x00, 0x00, 0x00, 0x00, 0x00,
	0x00, 0x00, 0x00, 0x00, 0x00, 0x00, 0x00, 0x00, 0x00, 0x00, 0x00, 0x00,
	0x00, 0x00, 0x00, 0x00, 0x00, 0x00, 0x00, 0x00, 0x00, 0x00, 0x00, 0x00,
	0x00, 0x00, 0x00, 0x00, 0x00, 0x00, 0x00, 0x00, 0x00, 0x00, 0x00, 0x00,
	0x00, 0x00, 0x00, 0x00, 0x00, 0x00, 0x00, 0x00, 0x00, 0x00, 0x00, 0x00,
	0x45, 0x1D, 0x4A, 0x14, 0x50, 0x0E, 0x54, 0x0B, 0x59, 0x08, 0x5C, 0x07,
	0x5F, 0x06, 0x60, 0x05, 0x64, 0x04, 0x65, 0x03, 0x67, 0x03, 0x68, 0x02,
	0x6A, 0x02, 0x6B, 0x02, 0x6C, 0x02, 0x6C, 0x02, 0x6E, 0x02, 0x6F, 0x01,
	0x70, 0x01, 0x70, 0x01, 0x83, 0x00, 0x82, 0x00, 0x83, 0x00, 0x81, 0x00,
	0x83, 0x00, 0x83, 0x00, 0x83, 0x00, 0x82, 0x00, 0x83, 0x00, 0x83, 0x00,
	0x83, 0x00, 0x83, 0x00, 0x83, 0x00, 0x83, 0x00, 0x83, 0x00, 0x81, 0x00,
	0x83, 0x00, 0x83, 0x00, 0x83, 0x00, 0x83, 0x00, 0x00, 0x60, 0x08, 0x3B,
	0x12, 0x28, 0x1D, 0x1D, 0x26, 0x16, 0x2E, 0x11, 0x34, 0x0E, 0x3A, 0x0C,
	0x3F, 0x0A, 0x44, 0x08, 0x47, 0x07, 0x4B, 0x06, 0x4D, 0x05, 0x51, 0x05,
	0x52, 0x04, 0x55, 0x04, 0x57, 0x04, 0x58, 0x04, 0x5A, 0x03, 0x5C, 0x02,
	0x42, 0x30, 0x45, 0x1D, 0x4B, 0x14, 0x4F, 0x0E, 0x55, 0x0B, 0x59, 0x08,
	0x5C, 0x07, 0x5E, 0x06, 0x61, 0x05, 0x64, 0x04, 0x65, 0x03, 0x67, 0x03,
	0x68, 0x02, 0x6A, 0x02, 0x6B, 0x02, 0x6B, 0x02, 0x6D, 0x02, 0x6E, 0x02,
	0x6F, 0x01, 0x70, 0x01, 0x00, 0x00, 0x00, 0x00, 0x00, 0x00, 0x00, 0x00,
	0x00, 0x00, 0x00, 0x00, 0x00, 0x00, 0x00, 0x00, 0x00, 0x00, 0x00, 0x00,
	0x00, 0x00, 0x00, 0x00, 0x00, 0x00, 0x00, 0x00, 0x00, 0x00, 0x00, 0x00,
	0x00, 0x00, 0x00, 0x00, 0x00, 0x00, 0x00, 0x00, 0x00, 0x00, 0x00, 0x00,
	0x00, 0x00, 0x00, 0x00, 0x00, 0x00, 0x00, 0x00, 0x00, 0x00, 0x00, 0x00,
	0x00, 0x00, 0x00, 0x00, 0x00, 0x00, 0x00, 0x00, 0x00, 0x00, 0x00, 0x00,
	0x00, 0x00, 0x00, 0x00, 0x00, 0x00, 0x00, 0x00, 0x00, 0x00, 0x00, 0x00,
	0x00, 0x00, 0x00, 0x00, 0x00, 0x00, 0x00, 0x00, 0x00, 0x00, 0x00, 0x00,
	0x00, 0x00, 0x00, 0x00, 0x00, 0x00, 0x00, 0x00, 0x00, 0x00, 0x00, 0x00,
	0x00, 0x00, 0x00, 0x00, 0x00, 0x00, 0x00, 0x00, 0x00, 0x00, 0x00, 0x00,
	0x00, 0x00, 0x00, 0x00, 0x00, 0x00, 0x00, 0x00, 0x00, 0x00, 0x00, 0x00,
	0x00, 0x00, 0x00, 0x00, 0x00, 0x00, 0x00, 0x00, 0x00, 0x00, 0x00, 0x00,
	0x00, 0x00, 0x00, 0x00, 0x00, 0x00, 0x00, 0x00, 0x00, 0x00, 0x00, 0x00,
	0x00, 0x00, 0x00, 0x00, 0x00, 0x00, 0x00, 0x00, 0x44, 0x22, 0x48, 0x19,
	0x4D, 0x13, 0x50, 0x0F, 0x54, 0x0C, 0x57, 0x0A, 0x5A, 0x08, 0x5C, 0x07,
	0x5F, 0x06, 0x61, 0x05, 0x63, 0x05, 0x64, 0x04, 0x65, 0x03, 0x67, 0x03,
	0x68, 0x03, 0x68, 0x02, 0x6A, 0x02, 0x6B, 0x02, 0x6C, 0x02, 0x6D, 0x02,
	0x83, 0x00, 0x82, 0x00, 0x83, 0x00, 0x81, 0x00, 0x83, 0x00, 0x83, 0x00,
	0x83, 0x00, 0x82, 0x00, 0x83, 0x00, 0x83, 0x00, 0x83, 0x00, 0x83, 0x00,
	0x83, 0x00, 0x83, 0x00, 0x83, 0x00, 0x81, 0x00, 0x83, 0x00, 0x83, 0x00,
	0x83, 0x00, 0x83, 0x00, 0x00, 0x66, 0x05, 0x45, 0x0D, 0x32, 0x16, 0x26,
	0x1E, 0x1E, 0x25, 0x18, 0x2B, 0x14, 0x31, 0x11, 0x36, 0x0F, 0x3A, 0x0C,
	0x3E, 0x0B, 0x42, 0x0A, 0x45, 0x09, 0x47, 0x07, 0x4A, 0x07, 0x4C, 0x06,
	0x4F, 0x05, 0x51, 0x05, 0x52, 0x05, 0x54, 0x04, 0x41, 0x33, 0x44, 0x22,
	0x48, 0x19, 0x4C, 0x13, 0x51, 0x0F, 0x54, 0x0C, 0x57, 0x0A, 0x59, 0x08,
	0x5D, 0x07, 0x5F, 0x06, 0x61, 0x05, 0x63, 0x05, 0x64, 0x04, 0x65, 0x03,
	0x67, 0x03, 0x67, 0x03, 0x69, 0x02, 0x6A, 0x02, 0x6B, 0x02, 0x6C, 0x02,
	0x00, 0x00, 0x00, 0x00, 0x00, 0x00, 0x00, 0x00, 0x00, 0x00, 0x00, 0x00,
	0x00, 0x00, 0x00, 0x00, 0x00, 0x00, 0x00, 0x00, 0x00, 0x00, 0x00, 0x00,
	0x00, 0x00, 0x00, 0x00, 0x00, 0x00, 0x00, 0x00, 0x00, 0x00, 0x00, 0x00,
	0x00, 0x00, 0x00, 0x00, 0x00, 0x00, 0x00, 0x00, 0x00, 0x00, 0x00, 0x00,
	0x00, 0x00, 0x00, 0x00, 0x00, 0x00, 0x00, 0x00, 0x00, 0x00, 0x00, 0x00,
	0x00, 0x00, 0x00, 0x00, 0x00, 0x00, 0x00, 0x00, 0x00, 0x00, 0x00, 0x00,
	0x00, 0x00, 0x00, 0x00, 0x00, 0x00, 0x00, 0x00, 0x00, 0x00, 0x00, 0x00,
	0x00, 0x00, 0x00, 0x00, 0x00, 0x00, 0x00, 0x00, 0x00, 0x00, 0x00, 0x00,
	0x00, 0x00, 0x00, 0x00, 0x00, 0x00, 0x00, 0x00, 0x00, 0x00, 0x00, 0x00,
	0x00, 0x00, 0x00, 0x00, 0x00, 0x00, 0x00, 0x00, 0x00, 0x00, 0x00, 0x00,
	0x00, 0x00, 0x00, 0x00, 0x00, 0x00, 0x00, 0x00, 0x00, 0x00, 0x00, 0x00,
	0x00, 0x00, 0x00, 0x00, 0x00, 0x00, 0x00, 0x00, 0x00, 0x00, 0x00, 0x00,
	0x00, 0x00, 0x00, 0x00, 0x00, 0x00, 0x00, 0x00, 0x00, 0x00, 0x00, 0x00,
	0x00, 0x00, 0x00, 0x00, 0x43, 0x26, 0x47, 0x1D, 0x4A, 0x17, 0x4D, 0x12,
	0x51, 0x0F, 0x54, 0x0D, 0x56, 0x0B, 0x58, 0x09, 0x5B, 0x08, 0x5D, 0x07,
	0x5F, 0x06, 0x60, 0x06, 0x62, 0x05, 0x63, 0x05, 0x64, 0x04, 0x65, 0x03,
	0x67, 0x03, 0x67, 0x03, 0x68, 0x03, 0x69, 0x02, 0x83, 0x00, 0x83, 0x00,
	0x83, 0x00, 0x81, 0x00, 0x83, 0x00, 0x83, 0x00, 0x83, 0x00, 0x82, 0x00,
	0x83, 0x00, 0x83, 0x00, 0x83, 0x00, 0x83, 0x00, 0x83, 0x00, 0x83, 0x00,
	0x83, 0x00, 0x81, 0x00, 0x83, 0x00, 0x83, 0x00, 0x83, 0x00, 0x83, 0x00,
	0x00, 0x6A, 0x04, 0x4D, 0x0B, 0x3A, 0x11, 0x2E, 0x18, 0x25, 0x1F, 0x1F,
	0x24, 0x1A, 0x29, 0x16, 0x2E, 0x13, 0x33, 0x11, 0x37, 0x0F, 0x3A, 0x0D,
	0x3D, 0x0C, 0x40, 0x0A, 0x43, 0x0A, 0x45, 0x09, 0x48, 0x07, 0x4A, 0x07,
	0x4C, 0x07, 0x4E, 0x06, 0x41, 0x35, 0x43, 0x26, 0x47, 0x1D, 0x49, 0x17,
	0x4E, 0x12, 0x51, 0x0F, 0x54, 0x0D, 0x55, 0x0B, 0x59, 0x09, 0x5B, 0x08,
	0x5D, 0x07, 0x5F, 0x06, 0x60, 0x06, 0x62, 0x05, 0x63, 0x05, 0x63, 0x04,
	0x65, 0x03, 0x67, 0x03, 0x67, 0x03, 0x68, 0x03, 0x00, 0x00, 0x00, 0x00,
	0x00, 0x00, 0x00, 0x00, 0x00, 0x00, 0x00, 0x00, 0x00, 0x00, 0x00, 0x00,
	0x00, 0x00, 0x00, 0x00, 0x00, 0x00, 0x00, 0x00, 0x00, 0x00, 0x00, 0x00,
	0x00, 0x00, 0x00, 0x00, 0x00, 0x00, 0x00, 0x00, 0x00, 0x00, 0x00, 0x00,
	0x00, 0x00, 0x00, 0x00, 0x00, 0x00, 0x00, 0x00, 0x00, 0x00, 0x00, 0x00,
	0x00, 0x00, 0x00, 0x00, 0x00, 0x00, 0x00, 0x00, 0x00, 0x00, 0x00, 0x00,
	0x00, 0x00, 0x00, 0x00, 0x00, 0x00, 0x00, 0x00, 0x00, 0x00, 0x00, 0x00,
	0x00, 0x00, 0x00, 0x00, 0x00, 0x00, 0x00, 0x00, 0x00, 0x00, 0x00, 0x00,
	0x00, 0x00, 0x00, 0x00, 0x00, 0x00, 0x00, 0x00, 0x00, 0x00, 0x00, 0x00,
	0x00, 0x00, 0x00, 0x00, 0x00, 0x00, 0x00, 0x00, 0x00, 0x00, 0x00, 0x00,
	0x00, 0x00, 0x00, 0x00, 0x00, 0x00, 0x00, 0x00, 0x00, 0x00, 0x00, 0x00,
	0x00, 0x00, 0x00, 0x00, 0x00, 0x00, 0x00, 0x00, 0x00, 0x00, 0x00, 0x00,
	0x00, 0x00, 0x00, 0x00, 0x00, 0x00, 0x00, 0x00, 0x00, 0x00, 0x00, 0x00,
	0x00, 0x00, 0x00, 0x00, 0x00, 0x00, 0x00, 0x00, 0x00, 0x00, 0x00, 0x00,
	0x43, 0x29, 0x45, 0x20, 0x49, 0x1A, 0x4B, 0x15, 0x4F, 0x12, 0x51, 0x0F,
	0x54, 0x0D, 0x55, 0x0B, 0x58, 0x0A, 0x5A, 0x09, 0x5B, 0x08, 0x5D, 0x07,
	0x5F, 0x06, 0x60, 0x06, 0x61, 0x05, 0x62, 0x05, 0x64, 0x05, 0x65, 0x04,
	0x65, 0x03, 0x66, 0x03, 0x83, 0x00, 0x83, 0x00, 0x83, 0x00, 0x81, 0x00,
	0x83, 0x00, 0x83, 0x00, 0x83, 0x00, 0x82, 0x00, 0x83, 0x00, 0x83, 0x00,
	0x83, 0x00, 0x83, 0x00, 0x83, 0x00, 0x83, 0x00, 0x83, 0x00, 0x81, 0x00,
	0x83, 0x00, 0x83, 0x00, 0x83, 0x00, 0x83, 0x00, 0x00, 0x6D, 0x03, 0x52,
	0x08, 0x41, 0x0E, 0x34, 0x14, 0x2B, 0x1A, 0x24, 0x1F, 0x1F, 0x24, 0x1B,
	0x28, 0x17, 0x2D, 0x15, 0x31, 0x12, 0x34, 0x10, 0x37, 0x0F, 0x3A, 0x0D,
	0x3D, 0x0C, 0x40, 0x0B, 0x42, 0x0A, 0x44, 0x0A, 0x46, 0x09, 0x47, 0x07,
	0x41, 0x36, 0x43, 0x29, 0x46, 0x20, 0x48, 0x1A, 0x4C, 0x15, 0x4F, 0x12,
	0x51, 0x0F, 0x53, 0x0D, 0x56, 0x0B, 0x58, 0x0A, 0x5A, 0x09, 0x5B, 0x08,
	0x5D, 0x07, 0x5F, 0x06, 0x60, 0x06, 0x60, 0x05, 0x62, 0x05, 0x64, 0x05,
	0x65, 0x04, 0x65, 0x03, 0x00, 0x00, 0x00, 0x00, 0x00, 0x00, 0x00, 0x00,
	0x00, 0x00, 0x00, 0x00, 0x00, 0x00, 0x00, 0x00, 0x00, 0x00, 0x00, 0x00,
	0x00, 0x00, 0x00, 0x00, 0x00, 0x00, 0x00, 0x00, 0x00, 0x00, 0x00, 0x00,
	0x00, 0x00, 0x00, 0x00, 0x00, 0x00, 0x00, 0x00, 0x00, 0x00, 0x00, 0x00,
	0x00, 0x00, 0x00, 0x00, 0x00, 0x00, 0x00, 0x00, 0x00, 0x00, 0x00, 0x00,
	0x00, 0x00, 0x00, 0x00, 0x00, 0x00, 0x00, 0x00, 0x00, 0x00, 0x00, 0x00,
	0x00, 0x00, 0x00, 0x00, 0x00, 0x00, 0x00, 0x00, 0x00, 0x00, 0x00, 0x00,
	0x00, 0x00, 0x00, 0x00, 0x00, 0x00, 0x00, 0x00, 0x00, 0x00, 0x00, 0x00,
	0x00, 0x00, 0x00, 0x00, 0x00, 0x00, 0x00, 0x00, 0x00, 0x00, 0x00, 0x00,
	0x00, 0x00, 0x00, 0x00, 0x00, 0x00, 0x00, 0x00, 0x00, 0x00, 0x00, 0x00,
	0x00, 0x00, 0x00, 0x00, 0x00, 0x00, 0x00, 0x00, 0x00, 0x00, 0x00, 0x00,
	0x00, 0x00, 0x00, 0x00, 0x00, 0x00, 0x00, 0x00, 0x00, 0x00, 0x00, 0x00,
	0x00, 0x00, 0x00, 0x00, 0x00, 0x00, 0x00, 0x00, 0x00, 0x00, 0x00, 0x00,
	0x00, 0x00, 0x00, 0x00, 0x00, 0x00, 0x00, 0x00, 0x43, 0x2B, 0x45, 0x23,
	0x48, 0x1D, 0x49, 0x18, 0x4D, 0x14, 0x4F, 0x12, 0x51, 0x10, 0x53, 0x0E,
	0x55, 0x0C, 0x57, 0x0B, 0x59, 0x0A, 0x5A, 0x09, 0x5C, 0x08, 0x5D, 0x07,
	0x5F, 0x07, 0x5F, 0x06, 0x61, 0x06, 0x62, 0x05, 0x63, 0x05, 0x64, 0x05,
	0x83, 0x00, 0x83, 0x00, 0x83, 0x00, 0x81, 0x00, 0x83, 0x00, 0x83, 0x00,
	0x83, 0x00, 0x82, 0x00, 0x83, 0x00, 0x83, 0x00, 0x83, 0x00, 0x83, 0x00,
	0x83, 0x00, 0x83, 0x00, 0x83, 0x00, 0x81, 0x00, 0x83, 0x00, 0x83, 0x00,
	0x83, 0x00, 0x83, 0x00, 0x00, 0x6F, 0x02, 0x57, 0x07, 0x47, 0x0C, 0x3A,
	0x11, 0x31, 0x16, 0x29, 0x1B, 0x24, 0x20, 0x20, 0x23, 0x1C, 0x28, 0x19,
	0x2B, 0x16, 0x2F, 0x14, 0x32, 0x12, 0x35, 0x10, 0x38, 0x0F, 0x3A, 0x0E,
	0x3C, 0x0C, 0x3F, 0x0C, 0x41, 0x0B, 0x42, 0x0A, 0x41, 0x37, 0x43, 0x2B,
	0x45, 0x23, 0x47, 0x1D, 0x4A, 0x18, 0x4D, 0x14, 0x4F, 0x12, 0x51, 0x10,
	0x53, 0x0E, 0x55, 0x0C, 0x57, 0x0B, 0x59, 0x0A, 0x5A, 0x09, 0x5C, 0x08,
	0x5D, 0x07, 0x5E, 0x07, 0x60, 0x06, 0x61, 0x06, 0x62, 0x05, 0x63, 0x05,
	0x1F, 0x00, 0x3F, 0x00, 0x66, 0x00, 0x72, 0x00, 0x78, 0x00, 0x7A, 0x00,
	0x7C, 0x00, 0x7C, 0x00, 0x7D, 0x00, 0x7D, 0x00, 0x7E, 0x00, 0x7E, 0x00,
	0x7E, 0x00, 0x7E, 0x00, 0x7E, 0x00, 0x7E, 0x00, 0x1F, 0x1F, 0x3F, 0x00,
	0x66, 0x00, 0x72, 0x00, 0x78, 0x00, 0x7A, 0x00, 0x7C, 0x00, 0x7C, 0x00,
	0x7D, 0x00, 0x7D, 0x00, 0x7E, 0x00, 0x7E, 0x00, 0x7E, 0x00, 0x7E, 0x00,
	0x7E, 0x00, 0x7E, 0x00, 0x00, 0x00, 0x00, 0x00, 0x00, 0x00, 0x00, 0x00,
	0x00, 0x00, 0x00, 0x00, 0x00, 0x00, 0x00, 0x00, 0x00, 0x00, 0x00, 0x00,
	0x00, 0x00, 0x00, 0x00, 0x00, 0x00, 0x00, 0x00, 0x00, 0x00, 0x00, 0x00,
	0x7D, 0x00, 0x58, 0x00, 0x70, 0x00, 0x77, 0x00, 0x79, 0x00, 0x7B, 0x00,
	0x7C, 0x00, 0x7C, 0x00, 0x7D, 0x00, 0x7D, 0x00, 0x7E, 0x00, 0x7E, 0x00,
	0x7E, 0x00, 0x7E, 0x00, 0x7E, 0x00, 0x7E, 0x00, 0x1F, 0x1F, 0x3F, 0x00,
	0x66, 0x00, 0x72, 0x00, 0x78, 0x00, 0x7A, 0x00, 0x7C, 0x00, 0x7C, 0x00,
	0x7D, 0x00, 0x7D, 0x00, 0x7E, 0x00, 0x7E, 0x00, 0x7E, 0x00, 0x7E, 0x00,
	0x7E, 0x00, 0x7E, 0x00, 0x43, 0x2D, 0x44, 0x25, 0x46, 0x1F, 0x48, 0x1B,
	0x4B, 0x17, 0x4D, 0x14, 0x50, 0x12, 0x51, 0x10, 0x53, 0x0E, 0x55, 0x0C,
	0x57, 0x0B, 0x58, 0x0B, 0x5A, 0x09, 0x5B, 0x09, 0x5C, 0x08, 0x5C, 0x07,
	0x5F, 0x07, 0x60, 0x06, 0x61, 0x06, 0x62, 0x06, 0x83, 0x00, 0x83, 0x00,
	0x83, 0x00, 0x81, 0x00, 0x83, 0x00, 0x83, 0x00, 0x83, 0x00, 0x82, 0x00,
	0x83, 0x00, 0x83, 0x00, 0x83, 0x00, 0x83, 0x00, 0x83, 0x00, 0x83, 0x00,
	0x83, 0x00, 0x81, 0x00, 0x83, 0x00, 0x83, 0x00, 0x83, 0x00, 0x83, 0x00,
	0x00, 0x71, 0x02, 0x5B, 0x05, 0x4B, 0x0A, 0x3F, 0x0F, 0x36, 0x13, 0x2E,
	0x18, 0x29, 0x1C, 0x23, 0x20, 0x20, 0x23, 0x1D, 0x27, 0x19, 0x2A, 0x17,
	0x2D, 0x16, 0x30, 0x12, 0x33, 0x12, 0x35, 0x10, 0x38, 0x0F, 0x3B, 0x0E,
	0x3C, 0x0C, 0x3E, 0x0C, 0x41, 0x38, 0x43, 0x2D, 0x44, 0x25, 0x45, 0x1F,
	0x49, 0x1B, 0x4B, 0x17, 0x4D, 0x14, 0x4F, 0x11, 0x51, 0x10, 0x53, 0x0E,
	0x55, 0x0C, 0x57, 0x0B, 0x58, 0x0B, 0x5A, 0x09, 0x5B, 0x09, 0x5B, 0x08,
	0x5E, 0x07, 0x5F, 0x07, 0x60, 0x06, 0x61, 0x06, 0x00, 0x00, 0x0A, 0x00,
	0x3F, 0x00, 0x5C, 0x00, 0x6A, 0x00, 0x71, 0x00, 0x75, 0x00, 0x78, 0x00,
	0x79, 0x00, 0x7A, 0x00, 0x7B, 0x00, 0x7C, 0x00, 0x7C, 0x00, 0x7D, 0x00,
	0x7D, 0x00, 0x7D, 0x00, 0x00, 0x3F, 0x0A, 0x0A, 0x3F, 0x00, 0x5C, 0x00,
	0x6A, 0x00, 0x71, 0x00, 0x75, 0x00, 0x78, 0x00, 0x79, 0x00, 0x7A, 0x00,
	0x7B, 0x00, 0x7C, 0x00, 0x7C, 0x00, 0x7D, 0x00, 0x7D, 0x00, 0x7D, 0x00,
	0x00, 0x00, 0x00, 0x00, 0x00, 0x00, 0x00, 0x00, 0x00, 0x00, 0x00, 0x00,
	0x00, 0x00, 0x00, 0x00, 0x00, 0x00, 0x00, 0x00, 0x00, 0x00, 0x00, 0x00,
	0x00, 0x00, 0x00, 0x00, 0x00, 0x00, 0x00, 0x00, 0x58, 0x00, 0x44, 0x00,
	0x55, 0x00, 0x67, 0x00, 0x6E, 0x00, 0x72, 0x00, 0x75, 0x00, 0x78, 0x00,
	0x79, 0x00, 0x7A, 0x00, 0x7B, 0x00, 0x7C, 0x00, 0x7C, 0x00, 0x7D, 0x00,
	0x7D, 0x00, 0x7D, 0x00, 0x00, 0x3F, 0x0A, 0x0A, 0x3F, 0x00, 0x5C, 0x00,
	0x6A, 0x00, 0x71, 0x00, 0x75, 0x00, 0x78, 0x00, 0x79, 0x00, 0x7A, 0x00,
	0x7B, 0x00, 0x7C, 0x00, 0x7C, 0x00, 0x7D, 0x00, 0x7D, 0x00, 0x7D, 0x00,
	0x42, 0x2F, 0x44, 0x27, 0x46, 0x22, 0x47, 0x1D, 0x4A, 0x19, 0x4C, 0x16,
	0x4E, 0x13, 0x4F, 0x11, 0x52, 0x10, 0x53, 0x0E, 0x55, 0x0D, 0x56, 0x0C,
	0x58, 0x0B, 0x59, 0x0A, 0x5A, 0x09, 0x5B, 0x09, 0x5C, 0x07, 0x5E, 0x07,
	0x5F, 0x07, 0x5F, 0x06, 0x83, 0x00, 0x83, 0x00, 0x83, 0x00, 0x82, 0x00,
	0x83, 0x00, 0x83, 0x00, 0x83, 0x00, 0x82, 0x00, 0x83, 0x00, 0x83, 0x00,
	0x83, 0x00, 0x83, 0x00, 0x83, 0x00, 0x83, 0x00, 0x83, 0x00, 0x81, 0x00,
	0x83, 0x00, 0x83, 0x00, 0x83, 0x00, 0x83, 0x00, 0x00, 0x73, 0x01, 0x5E,
	0x05, 0x4F, 0x08, 0x44, 0x0C, 0x3A, 0x10, 0x33, 0x15, 0x2D, 0x19, 0x28,
	0x1D, 0x23, 0x20, 0x20, 0x23, 0x1D, 0x26, 0x1A, 0x2A, 0x18, 0x2C, 0x16,
	0x2F, 0x14, 0x31, 0x12, 0x34, 0x12, 0x35, 0x0F, 0x38, 0x0F, 0x3B, 0x0F,
	0x41, 0x39, 0x42, 0x2F, 0x44, 0x27, 0x45, 0x22, 0x48, 0x1D, 0x4A, 0x19,
	0x4C, 0x16, 0x4D, 0x14, 0x50, 0x11, 0x52, 0x10, 0x53, 0x0E, 0x55, 0x0D,
	0x56, 0x0C, 0x58, 0x0B, 0x59, 0x0A, 0x59, 0x09, 0x5C, 0x09, 0x5C, 0x07,
	0x5E, 0x07, 0x5F, 0x07, 0x00, 0x00, 0x00, 0x00, 0x03, 0x00, 0x2D, 0x00,
	0x48, 0x00, 0x59, 0x00, 0x63, 0x00, 0x6A, 0x00, 0x6E, 0x00, 0x72, 0x00,
	0x74, 0x00, 0x76, 0x00, 0x77, 0x00, 0x78, 0x00, 0x79, 0x00, 0x7A, 0x00,
	0x00, 0x66, 0x00, 0x3F, 0x03, 0x03, 0x2D, 0x00, 0x48, 0x00, 0x59, 0x00,
	0x63, 0x00, 0x6A, 0x00, 0x6E, 0x00, 0x72, 0x00, 0x74, 0x00, 0x76, 0x00,
	0x77, 0x00, 0x78, 0x00, 0x79, 0x00, 0x7A, 0x00, 0x00, 0x00, 0x00, 0x00,
	0x00, 0x00, 0x00, 0x00, 0x00, 0x00, 0x00, 0x00, 0x00, 0x00, 0x00, 0x00,
	0x00, 0x00, 0x00, 0x00, 0x00, 0x00, 0x00, 0x00, 0x00, 0x00, 0x00, 0x00,
	0x00, 0x00, 0x00, 0x00, 0x70, 0x00, 0x55, 0x00, 0x20, 0x00, 0x3E, 0x00,
	0x50, 0x00, 0x5A, 0x00, 0x63, 0x00, 0x6A, 0x00, 0x6E, 0x00, 0x72, 0x00,
	0x74, 0x00, 0x76, 0x00, 0x77, 0x00, 0x78, 0x00, 0x79, 0x00, 0x7A, 0x00,
	0x00, 0x66, 0x00, 0x3F, 0x03, 0x03, 0x2D, 0x00, 0x48, 0x00, 0x59, 0x00,
	0x63, 0x00, 0x6A, 0x00, 0x6E, 0x00, 0x72, 0x00, 0x74, 0x00, 0x76, 0x00,
	0x77, 0x00, 0x78, 0x00, 0x79, 0x00, 0x7A, 0x00, 0x42, 0x30, 0x44, 0x29,
	0x45, 0x23, 0x46, 0x1F, 0x49, 0x1B, 0x4B, 0x18, 0x4C, 0x15, 0x4D, 0x13,
	0x50, 0x11, 0x52, 0x10, 0x53, 0x0E, 0x55, 0x0D, 0x56, 0x0C, 0x57, 0x0B,
	0x59, 0x0B, 0x59, 0x09, 0x5B, 0x09, 0x5C, 0x09, 0x5C, 0x07, 0x5E, 0x07,
	0x83, 0x00, 0x83, 0x00, 0x83, 0x00, 0x82, 0x00, 0x83, 0x00, 0x83, 0x00,
	0x83, 0x00, 0x82, 0x00, 0x83, 0x00, 0x83, 0x00, 0x83, 0x00, 0x83, 0x00,
	0x83, 0x00, 0x83, 0x00, 0x83, 0x00, 0x81, 0x00, 0x83, 0x00, 0x83, 0x00,
	0x83, 0x00, 0x83, 0x00, 0x00, 0x73, 0x01, 0x61, 0x04, 0x52, 0x07, 0x47,
	0x0B, 0x3E, 0x0F, 0x37, 0x12, 0x31, 0x16, 0x2B, 0x19, 0x27, 0x1D, 0x23,
	0x20, 0x20, 0x23, 0x1D, 0x26, 0x1B, 0x29, 0x19, 0x2B, 0x16, 0x2E, 0x16,
	0x30, 0x13, 0x32, 0x12, 0x35, 0x12, 0x36, 0x0F, 0x41, 0x39, 0x42, 0x30,
	0x44, 0x29, 0x44, 0x23, 0x47, 0x1F, 0x49, 0x1B, 0x4B, 0x18, 0x4C, 0x15,
	0x4E, 0x13, 0x50, 0x11, 0x52, 0x10, 0x53, 0x0E, 0x55, 0x0D, 0x56, 0x0C,
	0x57, 0x0B, 0x57, 0x0B, 0x5A, 0x09, 0x5B, 0x09, 0x5C, 0x09, 0x5C, 0x07,
	0x00, 0x00, 0x00, 0x00, 0x00, 0x00, 0x01, 0x00, 0x22, 0x00, 0x3A, 0x00,
	0x4A, 0x00, 0x56, 0x00, 0x5E, 0x00, 0x64, 0x00, 0x69, 0x00, 0x6D, 0x00,
	0x6F, 0x00, 0x71, 0x00, 0x73, 0x00, 0x75, 0x00, 0x00, 0x72, 0x00, 0x5C,
	0x00, 0x2D, 0x01, 0x01, 0x22, 0x00, 0x3A, 0x00, 0x4A, 0x00, 0x56, 0x00,
	0x5E, 0x00, 0x64, 0x00, 0x69, 0x00, 0x6D, 0x00, 0x6F, 0x00, 0x71, 0x00,
	0x73, 0x00, 0x75, 0x00, 0x00, 0x00, 0x00, 0x00, 0x00, 0x00, 0x00, 0x00,
	0x00, 0x00, 0x00, 0x00, 0x00, 0x00, 0x00, 0x00, 0x00, 0x00, 0x00, 0x00,
	0x00, 0x00, 0x00, 0x00, 0x00, 0x00, 0x00, 0x00, 0x00, 0x00, 0x00, 0x00,
	0x77, 0x00, 0x67, 0x00, 0x3E, 0x00, 0x0D, 0x00, 0x28, 0x00, 0x3A, 0x00,
	0x4A, 0x00, 0x56, 0x00, 0x5E, 0x00, 0x64, 0x00, 0x69, 0x00, 0x6D, 0x00,
	0x6F, 0x00, 0x71, 0x00, 0x73, 0x00, 0x75, 0x00, 0x00, 0x72, 0x00, 0x5C,
	0x00, 0x2D, 0x01, 0x01, 0x22, 0x00, 0x3A, 0x00, 0x4A, 0x00, 0x56, 0x00,
	0x5E, 0x00, 0x64, 0x00, 0x69, 0x00, 0x6D, 0x00, 0x6F, 0x00, 0x71, 0x00,
	0x73, 0x00, 0x75, 0x00, 0x42, 0x32, 0x44, 0x2A, 0x45, 0x25, 0x46, 0x21,
	0x48, 0x1D, 0x4A, 0x1A, 0x4B, 0x17, 0x4C, 0x15, 0x4E, 0x13, 0x50, 0x11,
	0x52, 0x10, 0x53, 0x0E, 0x55, 0x0D, 0x55, 0x0C, 0x57, 0x0C, 0x57, 0x0B,
	0x5A, 0x0A, 0x5A, 0x09, 0x5B, 0x09, 0x5C, 0x09, 0x83, 0x00, 0x83, 0x00,
	0x83, 0x00, 0x82, 0x00, 0x83, 0x00, 0x83, 0x00, 0x83, 0x00, 0x82, 0x00,
	0x83, 0x00, 0x83, 0x00, 0x83, 0x00, 0x83, 0x00, 0x83, 0x00, 0x83, 0x00,
	0x83, 0x00, 0x81, 0x00, 0x83, 0x00, 0x83, 0x00, 0x83, 0x00, 0x83, 0x00,
	0x00, 0x74, 0x01, 0x64, 0x04, 0x55, 0x06, 0x4A, 0x0A, 0x42, 0x0D, 0x3A,
	0x10, 0x34, 0x14, 0x2F, 0x17, 0x2A, 0x1A, 0x26, 0x1D, 0x23, 0x21, 0x21,
	0x22, 0x1D, 0x26, 0x1B, 0x28, 0x19, 0x2B, 0x18, 0x2C, 0x16, 0x30, 0x15,
	0x30, 0x12, 0x33, 0x12, 0x41, 0x3A, 0x42, 0x32, 0x44, 0x2A, 0x44, 0x25,
	0x46, 0x21, 0x48, 0x1D, 0x4A, 0x1A, 0x4B, 0x17, 0x4D, 0x15, 0x4E, 0x13,
	0x50, 0x11, 0x52, 0x10, 0x53, 0x0E, 0x55, 0x0D, 0x55, 0x0C, 0x56, 0x0C,
	0x58, 0x0B, 0x5A, 0x0A, 0x5A, 0x09, 0x5B, 0x09, 0x00, 0x00, 0x00, 0x00,
	0x00, 0x00, 0x00, 0x00, 0x00, 0x00, 0x1B, 0x00, 0x30, 0x00, 0x3F, 0x00,
	0x4B, 0x00, 0x54, 0x00, 0x5B, 0x00, 0x61, 0x00, 0x65, 0x00, 0x68, 0x00,
	0x6B, 0x00, 0x6E, 0x00, 0x00, 0x78, 0x00, 0x6A, 0x00, 0x48, 0x00, 0x22,
	0x00, 0x00, 0x1B, 0x00, 0x30, 0x00, 0x3F, 0x00, 0x4B, 0x00, 0x54, 0x00,
	0x5B, 0x00, 0x61, 0x00, 0x65, 0x00, 0x68, 0x00, 0x6B, 0x00, 0x6E, 0x00,
	0x00, 0x00, 0x00, 0x00, 0x00, 0x00, 0x00, 0x00, 0x00, 0x00, 0x00, 0x00,
	0x00, 0x00, 0x00, 0x00, 0x00, 0x00, 0x00, 0x00, 0x00, 0x00, 0x00, 0x00,
	0x00, 0x00, 0x00, 0x00, 0x00, 0x00, 0x00, 0x00, 0x79, 0x00, 0x6E, 0x00,
	0x50, 0x00, 0x28, 0x00, 0x01, 0x00, 0x1B, 0x00, 0x30, 0x00, 0x3F, 0x00,
	0x4B, 0x00, 0x54, 0x00, 0x5B, 0x00, 0x61, 0x00, 0x65, 0x00, 0x68, 0x00,
	0x6B, 0x00, 0x6E, 0x00, 0x00, 0x78, 0x00, 0x6A, 0x00, 0x48, 0x00, 0x22,
	0x00, 0x00, 0x1B, 0x00, 0x30, 0x00, 0x3F, 0x00, 0x4B, 0x00, 0x54, 0x00,
	0x5B, 0x00, 0x61, 0x00, 0x65, 0x00, 0x68, 0x00, 0x6B, 0x00, 0x6E, 0x00,
	0x42, 0x32, 0x43, 0x2C, 0x44, 0x26, 0x45, 0x22, 0x48, 0x1F, 0x49, 0x1B,
	0x4B, 0x19, 0x4C, 0x16, 0x4E, 0x15, 0x4F, 0x13, 0x50, 0x11, 0x52, 0x10,
	0x53, 0x0E, 0x55, 0x0E, 0x55, 0x0C, 0x56, 0x0C, 0x57, 0x0B, 0x59, 0x0B,
	0x5A, 0x0A, 0x5A, 0x09, 0x83, 0x00, 0x83, 0x00, 0x83, 0x00, 0x82, 0x00,
	0x83, 0x00, 0x83, 0x00, 0x83, 0x00, 0x82, 0x00, 0x83, 0x00, 0x83, 0x00,
	0x83, 0x00, 0x83, 0x00, 0x83, 0x00, 0x83, 0x00, 0x83, 0x00, 0x81, 0x00,
	0x83, 0x00, 0x83, 0x00, 0x83, 0x00, 0x83, 0x00, 0x00, 0x75, 0x01, 0x65,
	0x03, 0x58, 0x05, 0x4D, 0x09, 0x45, 0x0C, 0x3E, 0x0F, 0x37, 0x12, 0x32,
	0x16, 0x2D, 0x18, 0x2A, 0x1B, 0x26, 0x1D, 0x22, 0x21, 0x21, 0x22, 0x1D,
	0x26, 0x1C, 0x27, 0x19, 0x2B, 0x19, 0x2B, 0x16, 0x2E, 0x16, 0x30, 0x14,
	0x41, 0x3A, 0x42, 0x32, 0x43, 0x2C, 0x44, 0x26, 0x46, 0x22, 0x48, 0x1F,
	0x49, 0x1B, 0x4A, 0x19, 0x4C, 0x16, 0x4E, 0x15, 0x4F, 0x13, 0x50, 0x11,
	0x52, 0x10, 0x53, 0x0E, 0x55, 0x0E, 0x54, 0x0C, 0x57, 0x0C, 0x57, 0x0B,
	0x59, 0x0B, 0x5A, 0x0A, 0x00, 0x00, 0x00, 0x00, 0x00, 0x00, 0x00, 0x00,
	0x00, 0x00, 0x00, 0x00, 0x16, 0x00, 0x28, 0x00, 0x37, 0x00, 0x42, 0x00,
	0x4B, 0x00, 0x53, 0x00, 0x59, 0x00, 0x5E, 0x00, 0x62, 0x00, 0x65, 0x00,
	0x00, 0x7A, 0x00, 0x71, 0x00, 0x59, 0x00, 0x3A, 0x00, 0x1B, 0x00, 0x00,
	0x16, 0x00, 0x28, 0x00, 0x37, 0x00, 0x42, 0x00, 0x4B, 0x00, 0x53, 0x00,
	0x59, 0x00, 0x5E, 0x00, 0x62, 0x00, 0x65, 0x00, 0x00, 0x00, 0x00, 0x00,
	0x00, 0x00, 0x00, 0x00, 0x00, 0x00, 0x00, 0x00, 0x00, 0x00, 0x00, 0x00,
	0x00, 0x00, 0x00, 0x00, 0x00, 0x00, 0x00, 0x00, 0x00, 0x00, 0x00, 0x00,
	0x00, 0x00, 0x00, 0x00, 0x7B, 0x00, 0x72, 0x00, 0x5A, 0x00, 0x3A, 0x00,
	0x1B, 0x00, 0x01, 0x00, 0x16, 0x00, 0x28, 0x00, 0x37, 0x00, 0x42, 0x00,
	0x4B, 0x00, 0x53, 0x00, 0x59, 0x00, 0x5E, 0x00, 0x62, 0x00, 0x65, 0x00,
	0x00, 0x7A, 0x00, 0x71, 0x00, 0x59, 0x00, 0x3A, 0x00, 0x1B, 0x00, 0x00,
	0x16, 0x00, 0x28, 0x00, 0x37, 0x00, 0x42, 0x00, 0x4B, 0x00, 0x53, 0x00,
	0x59, 0x00, 0x5E, 0x00, 0x62, 0x00, 0x65, 0x00, 0x42, 0x33, 0x43, 0x2D,
	0x44, 0x28, 0x45, 0x23, 0x47, 0x20, 0x48, 0x1D, 0x4A, 0x1A, 0x4A, 0x18,
	0x4C, 0x16, 0x4E, 0x14, 0x4F, 0x13, 0x50, 0x11, 0x52, 0x10, 0x53, 0x0E,
	0x55, 0x0E, 0x54, 0x0D, 0x57, 0x0C, 0x57, 0x0B, 0x58, 0x0B, 0x5A, 0x0B,
	0x83, 0x00, 0x83, 0x00, 0x83, 0x00, 0x82, 0x00, 0x83, 0x00, 0x83, 0x00,
	0x83, 0x00, 0x82, 0x00, 0x83, 0x00, 0x83, 0x00, 0x83, 0x00, 0x83, 0x00,
	0x83, 0x00, 0x83, 0x00, 0x83, 0x00, 0x81, 0x00, 0x83, 0x00, 0x83, 0x00,
	0x83, 0x00, 0x83, 0x00, 0x00, 0x76, 0x01, 0x67, 0x02, 0x5A, 0x05, 0x50,
	0x07, 0x47, 0x0A, 0x40, 0x0D, 0x3A, 0x10, 0x35, 0x12, 0x30, 0x16, 0x2C,
	0x19, 0x29, 0x1B, 0x26, 0x1D, 0x22, 0x21, 0x21, 0x22, 0x1D, 0x26, 0x1D,
	0x26, 0x1A, 0x2A, 0x19, 0x2B, 0x17, 0x2D, 0x16, 0x41, 0x3B, 0x42, 0x33,
	0x43, 0x2D, 0x44, 0x28, 0x45, 0x23, 0x47, 0x20, 0x48, 0x1D, 0x49, 0x1A,
	0x4B, 0x18, 0x4C, 0x16, 0x4E, 0x14, 0x4F, 0x13, 0x50, 0x11, 0x52, 0x10,
	0x53, 0x0E, 0x54, 0x0E, 0x55, 0x0D, 0x57, 0x0C, 0x57, 0x0B, 0x58, 0x0B,
	0x00, 0x00, 0x00, 0x00, 0x00, 0x00, 0x00, 0x00, 0x00, 0x00, 0x00, 0x00,
	0x00, 0x00, 0x13, 0x00, 0x23, 0x00, 0x30, 0x00, 0x3B, 0x00, 0x44, 0x00,
	0x4C, 0x00, 0x52, 0x00, 0x57, 0x00, 0x5B, 0x00, 0x00, 0x7C, 0x00, 0x75,
	0x00, 0x63, 0x00, 0x4A, 0x00, 0x30, 0x00, 0x16, 0x00, 0x00, 0x13, 0x00,
	0x23, 0x00, 0x30, 0x00, 0x3B, 0x00, 0x44, 0x00, 0x4C, 0x00, 0x52, 0x00,
	0x57, 0x00, 0x5B, 0x00, 0x00, 0x00, 0x00, 0x00, 0x00, 0x00, 0x00, 0x00,
	0x00, 0x00, 0x00, 0x00, 0x00, 0x00, 0x00, 0x00, 0x00, 0x00, 0x00, 0x00,
	0x00, 0x00, 0x00, 0x00, 0x00, 0x00, 0x00, 0x00, 0x00, 0x00, 0x00, 0x00,
	0x7C, 0x00, 0x75, 0x00, 0x63, 0x00, 0x4A, 0x00, 0x30, 0x00, 0x16, 0x00,
	0x00, 0x00, 0x13, 0x00, 0x23, 0x00, 0x30, 0x00, 0x3B, 0x00, 0x44, 0x00,
	0x4C, 0x00, 0x52, 0x00, 0x57, 0x00, 0x5B, 0x00, 0x00, 0x7C, 0x00, 0x75,
	0x00, 0x63, 0x00, 0x4A, 0x00, 0x30, 0x00, 0x16, 0x00, 0x00, 0x13, 0x00,
	0x23, 0x00, 0x30, 0x00, 0x3B, 0x00, 0x44, 0x00, 0x4C, 0x00, 0x52, 0x00,
	0x57, 0x00, 0x5B, 0x00, 0x42, 0x34, 0x43, 0x2E, 0x44, 0x29, 0x45, 0x25,
	0x46, 0x21, 0x48, 0x1E, 0x49, 0x1B, 0x4A, 0x19, 0x4C, 0x17, 0x4D, 0x15,
	0x4E, 0x14, 0x50, 0x13, 0x50, 0x11, 0x52, 0x11, 0x52, 0x0F, 0x53, 0x0E,
	0x55, 0x0D, 0x56, 0x0C, 0x57, 0x0C, 0x57, 0x0B, 0x83, 0x00, 0x83, 0x00,
	0x83, 0x00, 0x82, 0x00, 0x83, 0x00, 0x83, 0x00, 0x83, 0x00, 0x82, 0x00,
	0x83, 0x00, 0x83, 0x00, 0x83, 0x00, 0x83, 0x00, 0x83, 0x00, 0x83, 0x00,
	0x83, 0x00, 0x81, 0x00, 0x83, 0x00, 0x83, 0x00, 0x83, 0x00, 0x83, 0x00,
	0x00, 0x77, 0x00, 0x68, 0x02, 0x5C, 0x05, 0x52, 0x07, 0x4A, 0x0A, 0x43,
	0x0C, 0x3D, 0x0F, 0x37, 0x12, 0x33, 0x14, 0x2F, 0x16, 0x2B, 0x19, 0x28,
	0x1C, 0x26, 0x1D, 0x22, 0x21, 0x22, 0x21, 0x1E, 0x25, 0x1D, 0x26, 0x1A,
	0x29, 0x19, 0x2B, 0x18, 0x41, 0x3B, 0x42, 0x34, 0x43, 0x2E, 0x44, 0x29,
	0x45, 0x25, 0x46, 0x21, 0x48, 0x1E, 0x48, 0x1B, 0x4B, 0x19, 0x4C, 0x17,
	0x4D, 0x15, 0x4E, 0x14, 0x50, 0x13, 0x50, 0x11, 0x52, 0x11, 0x51, 0x0F,
	0x54, 0x0E, 0x55, 0x0D, 0x56, 0x0C, 0x57, 0x0C, 0x00, 0x00, 0x00, 0x00,
	0x00, 0x00, 0x00, 0x00, 0x00, 0x00, 0x00, 0x00, 0x00, 0x00, 0x00, 0x00,
	0x10, 0x00, 0x1F, 0x00, 0x2B, 0x00, 0x35, 0x00, 0x3E, 0x00, 0x45, 0x00,
	0x4C, 0x00, 0x51, 0x00, 0x00, 0x7C, 0x00, 0x78, 0x00, 0x6A, 0x00, 0x56,
	0x00, 0x3F, 0x00, 0x28, 0x00, 0x13, 0x00, 0x00, 0x10, 0x00, 0x1F, 0x00,
	0x2B, 0x00, 0x35, 0x00, 0x3E, 0x00, 0x45, 0x00, 0x4C, 0x00, 0x51, 0x00,
	0x00, 0x00, 0x00, 0x00, 0x00, 0x00, 0x00, 0x00, 0x00, 0x00, 0x00, 0x00,
	0x00, 0x00, 0x00, 0x00, 0x00, 0x00, 0x00, 0x00, 0x00, 0x00, 0x00, 0x00,
	0x00, 0x00, 0x00, 0x00, 0x00, 0x00, 0x00, 0x00, 0x7C, 0x00, 0x78, 0x00,
	0x6A, 0x00, 0x56, 0x00, 0x3F, 0x00, 0x28, 0x00, 0x13, 0x00, 0x00, 0x00,
	0x10, 0x00, 0x1F, 0x00, 0x2B, 0x00, 0x35, 0x00, 0x3E, 0x00, 0x45, 0x00,
	0x4C, 0x00, 0x51, 0x00, 0x00, 0x7C, 0x00, 0x78, 0x00, 0x6A, 0x00, 0x56,
	0x00, 0x3F, 0x00, 0x28, 0x00, 0x13, 0x00, 0x00, 0x10, 0x00, 0x1F, 0x00,
	0x2B, 0x00, 0x35, 0x00, 0x3E, 0x00, 0x45, 0x00, 0x4C, 0x00, 0x51, 0x00,
	0x42, 0x34, 0x43, 0x2F, 0x44, 0x2A, 0x44, 0x26, 0x46, 0x22, 0x47, 0x1F,
	0x48, 0x1D, 0x49, 0x1A, 0x4B, 0x18, 0x4C, 0x17, 0x4E, 0x15, 0x4E, 0x13,
	0x50, 0x13, 0x50, 0x11, 0x52, 0x11, 0x51, 0x0F, 0x54, 0x0E, 0x55, 0x0D,
	0x56, 0x0C, 0x57, 0x0C, 0x83, 0x00, 0x83, 0x00, 0x83, 0x00, 0x82, 0x00,
	0x83, 0x00, 0x83, 0x00, 0x83, 0x00, 0x82, 0x00, 0x83, 0x00, 0x83, 0x00,
	0x83, 0x00, 0x83, 0x00, 0x83, 0x00, 0x83, 0x00, 0x83, 0x00, 0x81, 0x00,
	0x83, 0x00, 0x83, 0x00, 0x83, 0x00, 0x83, 0x00, 0x00, 0x77, 0x00, 0x69,
	0x02, 0x5E, 0x04, 0x55, 0x06, 0x4C, 0x09, 0x45, 0x0C, 0x3F, 0x0E, 0x3A,
	0x10, 0x35, 0x12, 0x31, 0x16, 0x2E, 0x18, 0x2B, 0x19, 0x27, 0x1D, 0x26,
	0x1E, 0x22, 0x21, 0x22, 0x21, 0x1E, 0x25, 0x1D, 0x26, 0x1B, 0x28, 0x19,
	0x41, 0x3B, 0x42, 0x34, 0x43, 0x2F, 0x43, 0x2A, 0x45, 0x26, 0x46, 0x22,
	0x47, 0x1F, 0x48, 0x1D, 0x4A, 0x1A, 0x4B, 0x18, 0x4C, 0x17, 0x4E, 0x15,
	0x4E, 0x13, 0x50, 0x13, 0x50, 0x11, 0x51, 0x11, 0x52, 0x0F, 0x54, 0x0E,
	0x55, 0x0D, 0x56, 0x0C, 0x00, 0x00, 0x00, 0x00, 0x00, 0x00, 0x00, 0x00,
	0x00, 0x00, 0x00, 0x00, 0x00, 0x00, 0x00, 0x00, 0x00, 0x00, 0x0E, 0x00,
	0x1B, 0x00, 0x27, 0x00, 0x30, 0x00, 0x39, 0x00, 0x40, 0x00, 0x46, 0x00,
	0x00, 0x7D, 0x00, 0x79, 0x00, 0x6E, 0x00, 0x5E, 0x00, 0x4B, 0x00, 0x37,
	0x00, 0x23, 0x00, 0x10, 0x00, 0x00, 0x0E, 0x00, 0x1B, 0x00, 0x27, 0x00,
	0x30, 0x00, 0x39, 0x00, 0x40, 0x00, 0x46, 0x00, 0x00, 0x00, 0x00, 0x00,
	0x00, 0x00, 0x00, 0x00, 0x00, 0x00, 0x00, 0x00, 0x00, 0x00, 0x00, 0x00,
	0x00, 0x00, 0x00, 0x00, 0x00, 0x00, 0x00, 0x00, 0x00, 0x00, 0x00, 0x00,
	0x00, 0x00, 0x00, 0x00, 0x7D, 0x00, 0x79, 0x00, 0x6E, 0x00, 0x5E, 0x00,
	0x4B, 0x00, 0x37, 0x00, 0x23, 0x00, 0x10, 0x00, 0x00, 0x00, 0x0E, 0x00,
	0x1B, 0x00, 0x27, 0x00, 0x30, 0x00, 0x39, 0x00, 0x40, 0x00, 0x46, 0x00,
	0x00, 0x7D, 0x00, 0x79, 0x00, 0x6E, 0x00, 0x5E, 0x00, 0x4B, 0x00, 0x37,
	0x00, 0x23, 0x00, 0x10, 0x00, 0x00, 0x0E, 0x00, 0x1B, 0x00, 0x27, 0x00,
	0x30, 0x00, 0x39, 0x00, 0x40, 0x00, 0x46, 0x00, 0x42, 0x35, 0x43, 0x30,
	0x44, 0x2B, 0x44, 0x27, 0x45, 0x24, 0x46, 0x21, 0x48, 0x1E, 0x48, 0x1C,
	0x4B, 0x1A, 0x4B, 0x18, 0x4C, 0x16, 0x4E, 0x15, 0x4E, 0x13, 0x50, 0x12,
	0x50, 0x11, 0x51, 0x11, 0x52, 0x0F, 0x54, 0x0E, 0x55, 0x0E, 0x55, 0x0C,
	0x83, 0x00, 0x83, 0x00, 0x83, 0x00, 0x83, 0x00, 0x83, 0x00, 0x83, 0x00,
	0x83, 0x00, 0x82, 0x00, 0x83, 0x00, 0x83, 0x00, 0x83, 0x00, 0x83, 0x00,
	0x83, 0x00, 0x83, 0x00, 0x83, 0x00, 0x81, 0x00, 0x83, 0x00, 0x83, 0x00,
	0x83, 0x00, 0x83, 0x00, 0x00, 0x77, 0x00, 0x6B, 0x02, 0x60, 0x04, 0x57,
	0x05, 0x4F, 0x07, 0x48, 0x0A, 0x42, 0x0C, 0x3C, 0x0F, 0x38, 0x12, 0x34,
	0x14, 0x30, 0x16, 0x2C, 0x19, 0x2B, 0x19, 0x26, 0x1D, 0x25, 0x1E, 0x22,
	0x21, 0x22, 0x21, 0x1E, 0x25, 0x1D, 0x26, 0x1C, 0x41, 0x3B, 0x42, 0x35,
	0x43, 0x30, 0x43, 0x2B, 0x44, 0x27, 0x45, 0x24, 0x46, 0x21, 0x47, 0x1E,
	0x49, 0x1C, 0x4B, 0x1A, 0x4B, 0x18, 0x4C, 0x16, 0x4E, 0x15, 0x4E, 0x13,
	0x50, 0x12, 0x50, 0x11, 0x52, 0x11, 0x52, 0x0F, 0x54, 0x0E, 0x55, 0x0E,
	0x00, 0x00, 0x00, 0x00, 0x00, 0x00, 0x00, 0x00, 0x00, 0x00, 0x00, 0x00,
	0x00, 0x00, 0x00, 0x00, 0x00, 0x00, 0x00, 0x00, 0x0D, 0x00, 0x19, 0x00,
	0x23, 0x00, 0x2C, 0x00, 0x34, 0x00, 0x3B, 0x00, 0x00, 0x7D, 0x00, 0x7A,
	0x00, 0x72, 0x00, 0x64, 0x00, 0x54, 0x00, 0x42, 0x00, 0x30, 0x00, 0x1F,
	0x00, 0x0E, 0x00, 0x00, 0x0D, 0x00, 0x19, 0x00, 0x23, 0x00, 0x2C, 0x00,
	0x34, 0x00, 0x3B, 0x00, 0x00, 0x00, 0x00, 0x00, 0x00, 0x00, 0x00, 0x00,
	0x00, 0x00, 0x00, 0x00, 0x00, 0x00, 0x00, 0x00, 0x00, 0x00, 0x00, 0x00,
	0x00, 0x00, 0x00, 0x00, 0x00, 0x00, 0x00, 0x00, 0x00, 0x00, 0x00, 0x00,
	0x7D, 0x00, 0x7A, 0x00, 0x72, 0x00, 0x64, 0x00, 0x54, 0x00, 0x42, 0x00,
	0x30, 0x00, 0x1F, 0x00, 0x0E, 0x00, 0x00, 0x00, 0x0D, 0x00, 0x19, 0x00,
	0x23, 0x00, 0x2C, 0x00, 0x34, 0x00, 0x3B, 0x00, 0x00, 0x7D, 0x00, 0x7A,
	0x00, 0x72, 0x00, 0x64, 0x00, 0x54, 0x00, 0x42, 0x00, 0x30, 0x00, 0x1F,
	0x00, 0x0E, 0x00, 0x00, 0x0D, 0x00, 0x19, 0x00, 0x23, 0x00, 0x2C, 0x00,
	0x34, 0x00, 0x3B, 0x00, 0x42, 0x36, 0x43, 0x30, 0x44, 0x2C, 0x44, 0x28,
	0x45, 0x25, 0x46, 0x22, 0x48, 0x1F, 0x48, 0x1D, 0x49, 0x1A, 0x4B, 0x19,
	0x4C, 0x18, 0x4D, 0x15, 0x4E, 0x15, 0x4F, 0x13, 0x50, 0x12, 0x50, 0x11,
	0x52, 0x11, 0x52, 0x0F, 0x54, 0x0E, 0x55, 0x0E, 0x83, 0x00, 0x83, 0x00,
	0x83, 0x00, 0x83, 0x00, 0x83, 0x00, 0x83, 0x00, 0x83, 0x00, 0x82, 0x00,
	0x83, 0x00, 0x83, 0x00, 0x83, 0x00, 0x83, 0x00, 0x83, 0x00, 0x83, 0x00,
	0x83, 0x00, 0x81, 0x00, 0x83, 0x00, 0x83, 0x00, 0x83, 0x00, 0x83, 0x00,
	0x00, 0x77, 0x00, 0x6C, 0x02, 0x61, 0x04, 0x58, 0x05, 0x51, 0x07, 0x4A,
	0x0A, 0x44, 0x0C, 0x3F, 0x0F, 0x3A, 0x10, 0x35, 0x12, 0x32, 0x16, 0x30,
	0x16, 0x2B, 0x19, 0x2A, 0x1A, 0x26, 0x1D, 0x25, 0x1E, 0x22, 0x21, 0x22,
	0x21, 0x1E, 0x25, 0x1D, 0x41, 0x3B, 0x42, 0x36, 0x43, 0x30, 0x43, 0x2C,
	0x44, 0x28, 0x45, 0x25, 0x46, 0x22, 0x47, 0x1F, 0x49, 0x1D, 0x49, 0x1A,
	0x4B, 0x19, 0x4C, 0x18, 0x4D, 0x15, 0x4E, 0x15, 0x4F, 0x13, 0x4F, 0x12,
	0x51, 0x11, 0x52, 0x11, 0x52, 0x0F, 0x54, 0x0E, 0x00, 0x00, 0x00, 0x00,
	0x00, 0x00, 0x00, 0x00, 0x00, 0x00, 0x00, 0x00, 0x00, 0x00, 0x00, 0x00,
	0x00, 0x00, 0x00, 0x00, 0x00, 0x00, 0x0C, 0x00, 0x16, 0x00, 0x20, 0x00,
	0x29, 0x00, 0x30, 0x00, 0x00, 0x7E, 0x00, 0x7B, 0x00, 0x74, 0x00, 0x69,
	0x00, 0x5B, 0x00, 0x4B, 0x00, 0x3B, 0x00, 0x2B, 0x00, 0x1B, 0x00, 0x0D,
	0x00, 0x00, 0x0C, 0x00, 0x16, 0x00, 0x20, 0x00, 0x29, 0x00, 0x30, 0x00,
	0x00, 0x00, 0x00, 0x00, 0x00, 0x00, 0x00, 0x00, 0x00, 0x00, 0x00, 0x00,
	0x00, 0x00, 0x00, 0x00, 0x00, 0x00, 0x00, 0x00, 0x00, 0x00, 0x00, 0x00,
	0x00, 0x00, 0x00, 0x00, 0x00, 0x00, 0x00, 0x00, 0x7E, 0x00, 0x7B, 0x00,
	0x74, 0x00, 0x69, 0x00, 0x5B, 0x00, 0x4B, 0x00, 0x3B, 0x00, 0x2B, 0x00,
	0x1B, 0x00, 0x0D, 0x00, 0x00, 0x00, 0x0C, 0x00, 0x16, 0x00, 0x20, 0x00,
	0x29, 0x00, 0x30, 0x00, 0x00, 0x7E, 0x00, 0x7B, 0x00, 0x74, 0x00, 0x69,
	0x00, 0x5B, 0x00, 0x4B, 0x00, 0x3B, 0x00, 0x2B, 0x00, 0x1B, 0x00, 0x0D,
	0x00, 0x00, 0x0C, 0x00, 0x16, 0x00, 0x20, 0x00, 0x29, 0x00, 0x30, 0x00,
	0x42, 0x36, 0x42, 0x31, 0x43, 0x2D, 0x44, 0x29, 0x45, 0x26, 0x46, 0x23,
	0x47, 0x20, 0x47, 0x1E, 0x49, 0x1C, 0x4B, 0x1A, 0x4B, 0x18, 0x4C, 0x17,
	0x4D, 0x15, 0x4E, 0x14, 0x4F, 0x13, 0x4F, 0x12, 0x51, 0x11, 0x52, 0x11,
	0x52, 0x0F, 0x54, 0x0E, 0x83, 0x00, 0x83, 0x00, 0x83, 0x00, 0x82, 0x00,
	0x83, 0x00, 0x83, 0x00, 0x83, 0x00, 0x82, 0x00, 0x83, 0x00, 0x83, 0x00,
	0x83, 0x00, 0x83, 0x00, 0x83, 0x00, 0x83, 0x00, 0x83, 0x00, 0x81, 0x00,
	0x83, 0x00, 0x83, 0x00, 0x83, 0x00, 0x83, 0x00, 0x00, 0x78, 0x00, 0x6D,
	0x01, 0x62, 0x03, 0x5A, 0x05, 0x52, 0x07, 0x4C, 0x09, 0x46, 0x0B, 0x41,
	0x0C, 0x3C, 0x0F, 0x38, 0x12, 0x35, 0x12, 0x30, 0x16, 0x2E, 0x17, 0x2B,
	0x19, 0x29, 0x1B, 0x26, 0x1D, 0x25, 0x1E, 0x22, 0x21, 0x22, 0x21, 0x1F,
	0x41, 0x3C, 0x42, 0x36, 0x42, 0x31, 0x43, 0x2D, 0x44, 0x29, 0x45, 0x26,
	0x46, 0x23, 0x46, 0x20, 0x48, 0x1E, 0x49, 0x1C, 0x4B, 0x1A, 0x4B, 0x18,
	0x4C, 0x17, 0x4D, 0x15, 0x4E, 0x14, 0x4E, 0x13, 0x50, 0x12, 0x51, 0x11,
	0x52, 0x11, 0x52, 0x0F, 0x00, 0x00, 0x00, 0x00, 0x00, 0x00, 0x00, 0x00,
	0x00, 0x00, 0x00, 0x00, 0x00, 0x00, 0x00, 0x00, 0x00, 0x00, 0x00, 0x00,
	0x00, 0x00, 0x00, 0x00, 0x0B, 0x00, 0x15, 0x00, 0x1E, 0x00, 0x26, 0x00,
	0x00, 0x7E, 0x00, 0x7C, 0x00, 0x76, 0x00, 0x6D, 0x00, 0x61, 0x00, 0x53,
	0x00, 0x44, 0x00, 0x35, 0x00, 0x27, 0x00, 0x19, 0x00, 0x0C, 0x00, 0x00,
	0x0B, 0x00, 0x15, 0x00, 0x1E, 0x00, 0x26, 0x00, 0x00, 0x00, 0x00, 0x00,
	0x00, 0x00, 0x00, 0x00, 0x00, 0x00, 0x00, 0x00, 0x00, 0x00, 0x00, 0x00,
	0x00, 0x00, 0x00, 0x00, 0x00, 0x00, 0x00, 0x00, 0x00, 0x00, 0x00, 0x00,
	0x00, 0x00, 0x00, 0x00, 0x7E, 0x00, 0x7C, 0x00, 0x76, 0x00, 0x6D, 0x00,
	0x61, 0x00, 0x53, 0x00, 0x44, 0x00, 0x35, 0x00, 0x27, 0x00, 0x19, 0x00,
	0x0C, 0x00, 0x00, 0x00, 0x0B, 0x00, 0x15, 0x00, 0x1E, 0x00, 0x26, 0x00,
	0x00, 0x7E, 0x00, 0x7C, 0x00, 0x76, 0x00, 0x6D, 0x00, 0x61, 0x00, 0x53,
	0x00, 0x44, 0x00, 0x35, 0x00, 0x27, 0x00, 0x19, 0x00, 0x0C, 0x00, 0x00,
	0x0B, 0x00, 0x15, 0x00, 0x1E, 0x00, 0x26, 0x00, 0x42, 0x37, 0x42, 0x32,
	0x43, 0x2D, 0x44, 0x2A, 0x45, 0x27, 0x45, 0x23, 0x46, 0x21, 0x47, 0x1F,
	0x49, 0x1D, 0x49, 0x1A, 0x4B, 0x19, 0x4C, 0x18, 0x4C, 0x16, 0x4E, 0x15,
	0x4E, 0x14, 0x4F, 0x13, 0x50, 0x12, 0x51, 0x11, 0x52, 0x11, 0x52, 0x0F,
	0x83, 0x00, 0x83, 0x00, 0x83, 0x00, 0x83, 0x00, 0x83, 0x00, 0x83, 0x00,
	0x83, 0x00, 0x82, 0x00, 0x83, 0x00, 0x83, 0x00, 0x83, 0x00, 0x83, 0x00,
	0x83, 0x00, 0x83, 0x00, 0x83, 0x00, 0x81, 0x00, 0x83, 0x00, 0x83, 0x00,
	0x83, 0x00, 0x83, 0x00, 0x00, 0x78, 0x00, 0x6E, 0x01, 0x64, 0x02, 0x5B,
	0x04, 0x54, 0x06, 0x4E, 0x07, 0x47, 0x0A, 0x42, 0x0C, 0x3E, 0x0F, 0x3B,
	0x0F, 0x35, 0x12, 0x33, 0x14, 0x30, 0x16, 0x2D, 0x19, 0x2B, 0x19, 0x28,
	0x1C, 0x26, 0x1D, 0x25, 0x1F, 0x22, 0x21, 0x22, 0x41, 0x3C, 0x42, 0x37,
	0x42, 0x32, 0x43, 0x2D, 0x44, 0x2A, 0x45, 0x27, 0x45, 0x23, 0x46, 0x21,
	0x48, 0x1F, 0x49, 0x1D, 0x49, 0x1A, 0x4B, 0x19, 0x4C, 0x18, 0x4C, 0x16,
	0x4E, 0x15, 0x4D, 0x14, 0x50, 0x13, 0x50, 0x12, 0x51, 0x11, 0x52, 0x11,
	0x00, 0x00, 0x00, 0x00, 0x00, 0x00, 0x00, 0x00, 0x00, 0x00, 0x00, 0x00,
	0x00, 0x00, 0x00, 0x00, 0x00, 0x00, 0x00, 0x00, 0x00, 0x00, 0x00, 0x00,
	0x00, 0x00, 0x0A, 0x00, 0x13, 0x00, 0x1B, 0x00, 0x00, 0x7E, 0x00, 0x7C,
	0x00, 0x77, 0x00, 0x6F, 0x00, 0x65, 0x00, 0x59, 0x00, 0x4C, 0x00, 0x3E,
	0x00, 0x30, 0x00, 0x23, 0x00, 0x16, 0x00, 0x0B, 0x00, 0x00, 0x0A, 0x00,
	0x13, 0x00, 0x1B, 0x00, 0x00, 0x00, 0x00, 0x00, 0x00, 0x00, 0x00, 0x00,
	0x00, 0x00, 0x00, 0x00, 0x00, 0x00, 0x00, 0x00, 0x00, 0x00, 0x00, 0x00,
	0x00, 0x00, 0x00, 0x00, 0x00, 0x00, 0x00, 0x00, 0x00, 0x00, 0x00, 0x00,
	0x7E, 0x00, 0x7C, 0x00, 0x77, 0x00, 0x6F, 0x00, 0x65, 0x00, 0x59, 0x00,
	0x4C, 0x00, 0x3E, 0x00, 0x30, 0x00, 0x23, 0x00, 0x16, 0x00, 0x0B, 0x00,
	0x00, 0x00, 0x0A, 0x00, 0x13, 0x00, 0x1B, 0x00, 0x00, 0x7E, 0x00, 0x7C,
	0x00, 0x77, 0x00, 0x6F, 0x00, 0x65, 0x00, 0x59, 0x00, 0x4C, 0x00, 0x3E,
	0x00, 0x30, 0x00, 0x23, 0x00, 0x16, 0x00, 0x0B, 0x00, 0x00, 0x0A, 0x00,
	0x13, 0x00, 0x1B, 0x00, 0x40, 0x3D, 0x41, 0x3D, 0x42, 0x3D, 0x41, 0x3D,
	0x42, 0x3D, 0x42, 0x3D, 0x42, 0x3D, 0x41, 0x3D, 0x42, 0x3D, 0x42, 0x3D,
	0x42, 0x3D, 0x42, 0x3D, 0x42, 0x3D, 0x42, 0x3D, 0x42, 0x3D, 0x41, 0x3D,
	0x42, 0x3D, 0x42, 0x3D, 0x42, 0x3D, 0x42, 0x3D, 0x61, 0x20, 0x4D, 0x2A,
	0x48, 0x30, 0x44, 0x33, 0x44, 0x35, 0x44, 0x36, 0x43, 0x37, 0x42, 0x38,
	0x43, 0x39, 0x42, 0x39, 0x42, 0x3A, 0x42, 0x3A, 0x42, 0x3B, 0x42, 0x3B,
	0x42, 0x3B, 0x41, 0x3B, 0x42, 0x3C, 0x42, 0x3C, 0x42, 0x3C, 0x42, 0x3C,
	0x04, 0x3D, 0x22, 0x3D, 0x2B, 0x3D, 0x30, 0x3D, 0x33, 0x3D, 0x35, 0x3D,
	0x37, 0x3D, 0x38, 0x3D, 0x39, 0x3D, 0x39, 0x3D, 0x3A, 0x3D, 0x3A, 0x3D,
	0x3B, 0x3D, 0x3B, 0x3D, 0x3B, 0x3D, 0x3C, 0x3D, 0x3C, 0x3D, 0x3C, 0x3D,
	0x3C, 0x3D, 0x3C, 0x3D, 0x40, 0x3D, 0x41, 0x3D, 0x42, 0x3D, 0x41, 0x3D,
	0x42, 0x3D, 0x42, 0x3D, 0x42, 0x3D, 0x41, 0x3D, 0x42, 0x3D, 0x42, 0x3D,
	0x42, 0x3D, 0x42, 0x3D, 0x42, 0x3D, 0x42, 0x3D, 0x42, 0x3D, 0x41, 0x3D,
	0x42, 0x3D, 0x42, 0x3D, 0x42, 0x3D, 0x42, 0x3D, 0x00, 0x00, 0x00, 0x00,
	0x00, 0x00, 0x00, 0x00, 0x00, 0x00, 0x00, 0x00, 0x00, 0x00, 0x00, 0x00,
	0x00, 0x00, 0x00, 0x00, 0x00, 0x00, 0x00, 0x00, 0x00, 0x00, 0x00, 0x00,
	0x09, 0x00, 0x12, 0x00, 0x00, 0x7E, 0x00, 0x7D, 0x00, 0x78, 0x00, 0x71,
	0x00, 0x68, 0x00, 0x5E, 0x00, 0x52, 0x00, 0x45, 0x00, 0x39, 0x00, 0x2C,
	0x00, 0x20, 0x00, 0x15, 0x00, 0x0A, 0x00, 0x00, 0x09, 0x00, 0x12, 0x00,
	0x00, 0x00, 0x00, 0x00, 0x00, 0x00, 0x00, 0x00, 0x00, 0x00, 0x00, 0x00,
	0x00, 0x00, 0x00, 0x00, 0x00, 0x00, 0x00, 0x00, 0x00, 0x00, 0x00, 0x00,
	0x00, 0x00, 0x00, 0x00, 0x00, 0x00, 0x00, 0x00, 0x7E, 0x00, 0x7D, 0x00,
	0x78, 0x00, 0x71, 0x00, 0x68, 0x00, 0x5E, 0x00, 0x52, 0x00, 0x45, 0x00,
	0x39, 0x00, 0x2C, 0x00, 0x20, 0x00, 0x15, 0x00, 0x0A, 0x00, 0x00, 0x00,
	0x09, 0x00, 0x12, 0x00, 0x00, 0x7E, 0x00, 0x7D, 0x00, 0x78, 0x00, 0x71,
	0x00, 0x68, 0x00, 0x5E, 0x00, 0x52, 0x00, 0x45, 0x00, 0x39, 0x00, 0x2C,
	0x00, 0x20, 0x00, 0x15, 0x00, 0x0A, 0x00, 0x00, 0x09, 0x00, 0x12, 0x00,
	0x41, 0x3D, 0x41, 0x3D, 0x42, 0x3D, 0x41, 0x3D, 0x42, 0x3D, 0x42, 0x3D,
	0x42, 0x3D, 0x41, 0x3D, 0x42, 0x3D, 0x42, 0x3D, 0x42, 0x3D, 0x42, 0x3D,
	0x42, 0x3D, 0x42, 0x3D, 0x42, 0x3D, 0x41, 0x3D, 0x42, 0x3D, 0x42, 0x3D,
	0x42, 0x3D, 0x42, 0x3D, 0x6C, 0x0B, 0x57, 0x16, 0x4F, 0x1D, 0x4A, 0x22,
	0x48, 0x26, 0x47, 0x29, 0x46, 0x2B, 0x44, 0x2D, 0x44, 0x2F, 0x44, 0x30,
	0x44, 0x31, 0x44, 0x32, 0x43, 0x33, 0x43, 0x34, 0x43, 0x34, 0x42, 0x35,
	0x43, 0x36, 0x42, 0x36, 0x42, 0x37, 0x42, 0x37, 0x00, 0x5D, 0x0C, 0x49,
	0x16, 0x43, 0x1D, 0x41, 0x22, 0x40, 0x26, 0x3F, 0x29, 0x3F, 0x2C, 0x3F,
	0x2E, 0x3E, 0x2F, 0x3E, 0x31, 0x3E, 0x32, 0x3E, 0x33, 0x3E, 0x33, 0x3E,
	0x34, 0x3E, 0x35, 0x3E, 0x35, 0x3E, 0x36, 0x3E, 0x37, 0x3E, 0x37, 0x3E,
	0x41, 0x3D, 0x41, 0x3D, 0x42, 0x3D, 0x41, 0x3D, 0x42, 0x3D, 0x42, 0x3D,
	0x42, 0x3D, 0x41, 0x3D, 0x42, 0x3D, 0x42, 0x3D, 0x42, 0x3D, 0x42, 0x3D,
	0x42, 0x3D, 0x42, 0x3D, 0x42, 0x3D, 0x41, 0x3D, 0x42, 0x3D, 0x42, 0x3D,
	0x42, 0x3D, 0x42, 0x3D, 0x00, 0x00, 0x00, 0x00, 0x00, 0x00, 0x00, 0x00,
	0x00, 0x00, 0x00, 0x00, 0x00, 0x00, 0x00, 0x00, 0x00, 0x00, 0x00, 0x00,
	0x00, 0x00, 0x00, 0x00, 0x00, 0x00, 0x00, 0x00, 0x00, 0x00, 0x08, 0x00,
	0x00, 0x7E, 0x00, 0x7D, 0x00, 0x79, 0x00, 0x73, 0x00, 0x6B, 0x00, 0x62,
	0x00, 0x57, 0x00, 0x4C, 0x00, 0x40, 0x00, 0x34, 0x00, 0x29, 0x00, 0x1E,
	0x00, 0x13, 0x00, 0x09, 0x00, 0x00, 0x08, 0x00, 0x00, 0x00, 0x00, 0x00,
	0x00, 0x00, 0x00, 0x00, 0x00, 0x00, 0x00, 0x00, 0x00, 0x00, 0x00, 0x00,
	0x00, 0x00, 0x00, 0x00, 0x00, 0x00, 0x00, 0x00, 0x00, 0x00, 0x00, 0x00,
	0x00, 0x00, 0x00, 0x00, 0x7E, 0x00, 0x7D, 0x00, 0x79, 0x00, 0x73, 0x00,
	0x6B, 0x00, 0x62, 0x00, 0x57, 0x00, 0x4C, 0x00, 0x40, 0x00, 0x34, 0x00,
	0x29, 0x00, 0x1E, 0x00, 0x13, 0x00, 0x09, 0x00, 0x00, 0x00, 0x08, 0x00,
	0x00, 0x7E, 0x00, 0x7D, 0x00, 0x79, 0x00, 0x73, 0x00, 0x6B, 0x00, 0x62,
	0x00, 0x57, 0x00, 0x4C, 0x00, 0x40, 0x00, 0x34, 0x00, 0x29, 0x00, 0x1E,
	0x00, 0x13, 0x00, 0x09, 0x00, 0x00, 0x08, 0x00, 0x41, 0x3D, 0x41, 0x3D,
	0x42, 0x3D, 0x41, 0x3D, 0x42, 0x3D, 0x42, 0x3D, 0x42, 0x3D, 0x41, 0x3D,
	0x42, 0x3D, 0x42, 0x3D, 0x42, 0x3D, 0x42, 0x3D, 0x42, 0x3D, 0x42, 0x3D,
	0x42, 0x3D, 0x41, 0x3D, 0x42, 0x3D, 0x42, 0x3D, 0x42, 0x3D, 0x42, 0x3D,
	0x72, 0x06, 0x5F, 0x0D, 0x56, 0x14, 0x4F, 0x19, 0x4D, 0x1D, 0x4A, 0x20,
	0x49, 0x23, 0x47, 0x25, 0x46, 0x27, 0x46, 0x29, 0x45, 0x2A, 0x45, 0x2C,
	0x44, 0x2D, 0x44, 0x2E, 0x44, 0x2F, 0x43, 0x30, 0x44, 0x30, 0x44, 0x31,
	0x43, 0x32, 0x43, 0x33, 0x00, 0x68, 0x06, 0x54, 0x0D, 0x4B, 0x14, 0x47,
	0x19, 0x44, 0x1D, 0x43, 0x20, 0x41, 0x23, 0x41, 0x26, 0x40, 0x27, 0x40,
	0x29, 0x3F, 0x2B, 0x3F, 0x2C, 0x3F, 0x2D, 0x3F, 0x2E, 0x3F, 0x2F, 0x3F,
	0x30, 0x3F, 0x30, 0x3E, 0x31, 0x3E, 0x32, 0x3E, 0x41, 0x3D, 0x41, 0x3D,
	0x42, 0x3D, 0x41, 0x3D, 0x42, 0x3D, 0x42, 0x3D, 0x42, 0x3D, 0x41, 0x3D,
	0x42, 0x3D, 0x42, 0x3D, 0x42, 0x3D, 0x42, 0x3D, 0x42, 0x3D, 0x42, 0x3D,
	0x42, 0x3D, 0x41, 0x3D, 0x42, 0x3D, 0x42, 0x3D, 0x42, 0x3D, 0x42, 0x3D,
	0x00, 0x00, 0x00, 0x00, 0x00, 0x00, 0x00, 0x00, 0x00, 0x00, 0x00, 0x00,
	0x00, 0x00, 0x00, 0x00, 0x00, 0x00, 0x00, 0x00, 0x00, 0x00, 0x00, 0x00,
	0x00, 0x00, 0x00, 0x00, 0x00, 0x00, 0x00, 0x00, 0x00, 0x7E, 0x00, 0x7D,
	0x00, 0x7A, 0x00, 0x75, 0x00, 0x6E, 0x00, 0x65, 0x00, 0x5B, 0x00, 0x51,
	0x00, 0x46, 0x00, 0x3B, 0x00, 0x30, 0x00, 0x26, 0x00, 0x1B, 0x00, 0x12,
	0x00, 0x08, 0x00, 0x00, 0x00, 0x00, 0x00, 0x00, 0x00, 0x00, 0x00, 0x00,
	0x00, 0x00, 0x00, 0x00, 0x00, 0x00, 0x00, 0x00, 0x00, 0x00, 0x00, 0x00,
	0x00, 0x00, 0x00, 0x00, 0x00, 0x00, 0x00, 0x00, 0x00, 0x00, 0x00, 0x00,
	0x7E, 0x00, 0x7D, 0x00, 0x7A, 0x00, 0x75, 0x00, 0x6E, 0x00, 0x65, 0x00,
	0x5B, 0x00, 0x51, 0x00, 0x46, 0x00, 0x3B, 0x00, 0x30, 0x00, 0x26, 0x00,
	0x1B, 0x00, 0x12, 0x00, 0x08, 0x00, 0x00, 0x00, 0x00, 0x7E, 0x00, 0x7D,
	0x00, 0x7A, 0x00, 0x75, 0x00, 0x6E, 0x00, 0x65, 0x00, 0x5B, 0x00, 0x51,
	0x00, 0x46, 0x00, 0x3B, 0x00, 0x30, 0x00, 0x26, 0x00, 0x1B, 0x00, 0x12,
	0x00, 0x08, 0x00, 0x00, 0x42, 0x3D, 0x41, 0x3D, 0x42, 0x3D, 0x41, 0x3D,
	0x42, 0x3D, 0x42, 0x3D, 0x42, 0x3D, 0x41, 0x3D, 0x42, 0x3D, 0x42, 0x3D,
	0x42, 0x3D, 0x42, 0x3D, 0x42, 0x3D, 0x42, 0x3D, 0x42, 0x3D, 0x41, 0x3D,
	0x42, 0x3D, 0x42, 0x3D, 0x42, 0x3D, 0x42, 0x3D, 0x75, 0x03, 0x64, 0x09,
	0x5A, 0x0E, 0x54, 0x13, 0x51, 0x17, 0x4E, 0x1A, 0x4C, 0x1D, 0x49, 0x1F,
	0x49, 0x22, 0x48, 0x23, 0x47, 0x25, 0x46, 0x26, 0x46, 0x28, 0x45, 0x29,
	0x45, 0x2A, 0x44, 0x2B, 0x44, 0x2C, 0x44, 0x2D, 0x44, 0x2E, 0x44, 0x2E,
	0x00, 0x6D, 0x04, 0x5B, 0x09, 0x51, 0x0E, 0x4C, 0x13, 0x48, 0x17, 0x46,
	0x1A, 0x44, 0x1D, 0x43, 0x1F, 0x42, 0x22, 0x42, 0x24, 0x41, 0x25, 0x41,
	0x27, 0x40, 0x28, 0x40, 0x29, 0x40, 0x2A, 0x3F, 0x2B, 0x3F, 0x2C, 0x3F,
	0x2D, 0x3F, 0x2E, 0x3F, 0x42, 0x3D, 0x41, 0x3D, 0x42, 0x3D, 0x41, 0x3D,
	0x42, 0x3D, 0x42, 0x3D, 0x42, 0x3D, 0x41, 0x3D, 0x42, 0x3D, 0x42, 0x3D,
	0x42, 0x3D, 0x42, 0x3D, 0x42, 0x3D, 0x42, 0x3D, 0x42, 0x3D, 0x41, 0x3D,
	0x42, 0x3D, 0x42, 0x3D, 0x42, 0x3D, 0x42, 0x3D, 0x00, 0x00, 0x00, 0x00,
	0x00, 0x00, 0x00, 0x00, 0x00, 0x00, 0x00, 0x00, 0x00, 0x00, 0x00, 0x00,
	0x00, 0x00, 0x00, 0x00, 0x00, 0x00, 0x00, 0x00, 0x00, 0x00, 0x00, 0x00,
	0x00, 0x00, 0x00, 0x00, 0x1F, 0x1F, 0x3F, 0x00, 0x66, 0x00, 0x72, 0x00,
	0x78, 0x00, 0x7A, 0x00, 0x7C, 0x00, 0x7C, 0x00, 0x7D, 0x00, 0x7D, 0x00,
	0x7E, 0x00, 0x7E, 0x00, 0x7E, 0x00, 0x7E, 0x00, 0x7E, 0x00, 0x7E, 0x00,
	0x00, 0x00, 0x00, 0x00, 0x00, 0x00, 0x00, 0x00, 0x00, 0x00, 0x00, 0x00,
	0x00, 0x00, 0x00, 0x00, 0x00, 0x00, 0x00, 0x00, 0x00, 0x00, 0x00, 0x00,
	0x00, 0x00, 0x00, 0x00, 0x00, 0x00, 0x00, 0x00, 0x1F, 0x1F, 0x00, 0x3F,
	0x00, 0x66, 0x00, 0x72, 0x00, 0x78, 0x00, 0x7A, 0x00, 0x7C, 0x00, 0x7C,
	0x00, 0x7D, 0x00, 0x7D, 0x00, 0x7E, 0x00, 0x7E, 0x00, 0x7E, 0x00, 0x7E,
	0x00, 0x7E, 0x00, 0x7E, 0x00, 0x00, 0x00, 0x00, 0x00, 0x00, 0x00, 0x00,
	0x00, 0x00, 0x00, 0x00, 0x00, 0x00, 0x00, 0x00, 0x00, 0x00, 0x00, 0x00,
	0x00, 0x00, 0x00, 0x00, 0x00, 0x00, 0x00, 0x00, 0x00, 0x00, 0x00, 0x00,
	0x41, 0x3D, 0x41, 0x3D, 0x42, 0x3D, 0x41, 0x3D, 0x42, 0x3D, 0x42, 0x3D,
	0x42, 0x3D, 0x41, 0x3D, 0x42, 0x3D, 0x42, 0x3D, 0x42, 0x3D, 0x42, 0x3D,
	0x42, 0x3D, 0x42, 0x3D, 0x42, 0x3D, 0x41, 0x3D, 0x42, 0x3D, 0x42, 0x3D,
	0x42, 0x3D, 0x42, 0x3D, 0x77, 0x02, 0x68, 0x06, 0x5F, 0x0B, 0x58, 0x0F,
	0x54, 0x12, 0x51, 0x15, 0x4F, 0x18, 0x4C, 0x1B, 0x4B, 0x1D, 0x4A, 0x1F,
	0x49, 0x21, 0x48, 0x22, 0x48, 0x23, 0x47, 0x25, 0x46, 0x26, 0x45, 0x27,
	0x45, 0x28, 0x45, 0x29, 0x45, 0x2A, 0x44, 0x2B, 0x00, 0x70, 0x02, 0x60,
	0x07, 0x56, 0x0B, 0x50, 0x0F, 0x4C, 0x12, 0x49, 0x16, 0x47, 0x18, 0x46,
	0x1B, 0x45, 0x1D, 0x44, 0x1F, 0x43, 0x21, 0x42, 0x22, 0x42, 0x24, 0x41,
	0x25, 0x41, 0x26, 0x40, 0x27, 0x40, 0x28, 0x40, 0x29, 0x40, 0x2A, 0x3F,
	0x41, 0x3D, 0x41, 0x3D, 0x42, 0x3D, 0x41, 0x3D, 0x42, 0x3D, 0x42, 0x3D,
	0x42, 0x3D, 0x41, 0x3D, 0x42, 0x3D, 0x42, 0x3D, 0x42, 0x3D, 0x42, 0x3D,
	0x42, 0x3D, 0x42, 0x3D, 0x42, 0x3D, 0x41, 0x3D, 0x42, 0x3D, 0x42, 0x3D,
	0x42, 0x3D, 0x42, 0x3D, 0x00, 0x00, 0x00, 0x00, 0x00, 0x00, 0x00, 0x00,
	0x00, 0x00, 0x00, 0x00, 0x00, 0x00, 0x00, 0x00, 0x00, 0x00, 0x00, 0x00,
	0x00, 0x00, 0x00, 0x00, 0x00, 0x00, 0x00, 0x00, 0x00, 0x00, 0x00, 0x00,
	0x00, 0x3F, 0x0A, 0x0A, 0x3F, 0x00, 0x5C, 0x00, 0x6A, 0x00, 0x71, 0x00,
	0x75, 0x00, 0x78, 0x00, 0x79, 0x00, 0x7A, 0x00, 0x7B, 0x00, 0x7C, 0x00,
	0x7C, 0x00, 0x7D, 0x00, 0x7D, 0x00, 0x7D, 0x00, 0x00, 0x00, 0x00, 0x00,
	0x00, 0x00, 0x00, 0x00, 0x00, 0x00, 0x00, 0x00, 0x00, 0x00, 0x00, 0x00,
	0x00, 0x00, 0x00, 0x00, 0x00, 0x00, 0x00, 0x00, 0x00, 0x00, 0x00, 0x00,
	0x00, 0x00, 0x00, 0x00, 0x3F, 0x00, 0x0A, 0x0A, 0x00, 0x3F, 0x00, 0x5C,
	0x00, 0x6A, 0x00, 0x71, 0x00, 0x75, 0x00, 0x78, 0x00, 0x79, 0x00, 0x7A,
	0x00, 0x7B, 0x00, 0x7C, 0x00, 0x7C, 0x00, 0x7D, 0x00, 0x7D, 0x00, 0x7D,
	0x00, 0x00, 0x00, 0x00, 0x00, 0x00, 0x00, 0x00, 0x00, 0x00, 0x00, 0x00,
	0x00, 0x00, 0x00, 0x00, 0x00, 0x00, 0x00, 0x00, 0x00, 0x00, 0x00, 0x00,
	0x00, 0x00, 0x00, 0x00, 0x00, 0x00, 0x00, 0x00, 0x41, 0x3D, 0x41, 0x3D,
	0x42, 0x3D, 0x41, 0x3D, 0x42, 0x3D, 0x42, 0x3D, 0x42, 0x3D, 0x41, 0x3D,
	0x42, 0x3D, 0x42, 0x3D, 0x42, 0x3D, 0x42, 0x3D, 0x42, 0x3D, 0x42, 0x3D,
	0x42, 0x3D, 0x41, 0x3D, 0x42, 0x3D, 0x42, 0x3D, 0x42, 0x3D, 0x42, 0x3D,
	0x78, 0x02, 0x6B, 0x05, 0x62, 0x08, 0x5B, 0x0C, 0x57, 0x0F, 0x54, 0x12,
	0x51, 0x14, 0x4E, 0x17, 0x4D, 0x19, 0x4C, 0x1B, 0x4B, 0x1D, 0x4A, 0x1E,
	0x49, 0x20, 0x48, 0x21, 0x48, 0x22, 0x46, 0x24, 0x46, 0x25, 0x46, 0x26,
	0x46, 0x27, 0x45, 0x27, 0x00, 0x72, 0x02, 0x64, 0x05, 0x5B, 0x08, 0x54,
	0x0C, 0x50, 0x0F, 0x4D, 0x12, 0x4A, 0x14, 0x48, 0x17, 0x47, 0x19, 0x46,
	0x1B, 0x45, 0x1D, 0x44, 0x1F, 0x44, 0x20, 0x42, 0x21, 0x42, 0x22, 0x42,
	0x24, 0x41, 0x25, 0x41, 0x26, 0x41, 0x27, 0x40, 0x41, 0x3D, 0x41, 0x3D,
	0x42, 0x3D, 0x41, 0x3D, 0x42, 0x3D, 0x42, 0x3D, 0x42, 0x3D, 0x41, 0x3D,
	0x42, 0x3D, 0x42, 0x3D, 0x42, 0x3D, 0x42, 0x3D, 0x42, 0x3D, 0x42, 0x3D,
	0x42, 0x3D, 0x41, 0x3D, 0x42, 0x3D, 0x42, 0x3D, 0x42, 0x3D, 0x42, 0x3D,
	0x00, 0x00, 0x00, 0x00, 0x00, 0x00, 0x00, 0x00, 0x00, 0x00, 0x00, 0x00,
	0x00, 0x00, 0x00, 0x00, 0x00, 0x00, 0x00, 0x00, 0x00, 0x00, 0x00, 0x00,
	0x00, 0x00, 0x00, 0x00, 0x00, 0x00, 0x00, 0x00, 0x00, 0x66, 0x00, 0x3F,
	0x03, 0x03, 0x2D, 0x00, 0x48, 0x00, 0x59, 0x00, 0x63, 0x00, 0x6A, 0x00,
	0x6E, 0x00, 0x72, 0x00, 0x74, 0x00, 0x76, 0x00, 0x77, 0x00, 0x78, 0x00,
	0x79, 0x00, 0x7A, 0x00, 0x00, 0x00, 0x00, 0x00, 0x00, 0x00, 0x00, 0x00,
	0x00, 0x00, 0x00, 0x00, 0x00, 0x00, 0x00, 0x00, 0x00, 0x00, 0x00, 0x00,
	0x00, 0x00, 0x00, 0x00, 0x00, 0x00, 0x00, 0x00, 0x00, 0x00, 0x00, 0x00,
	0x66, 0x00, 0x3F, 0x00, 0x03, 0x03, 0x00, 0x2D, 0x00, 0x48, 0x00, 0x59,
	0x00, 0x63, 0x00, 0x6A, 0x00, 0x6E, 0x00, 0x72, 0x00, 0x74, 0x00, 0x76,
	0x00, 0x77, 0x00, 0x78, 0x00, 0x79, 0x00, 0x7A, 0x00, 0x00, 0x00, 0x00,
	0x00, 0x00, 0x00, 0x00, 0x00, 0x00, 0x00, 0x00, 0x00, 0x00, 0x00, 0x00,
	0x00, 0x00, 0x00, 0x00, 0x00, 0x00, 0x00, 0x00, 0x00, 0x00, 0x00, 0x00,
	0x00, 0x00, 0x00, 0x00, 0x41, 0x3D, 0x41, 0x3D, 0x42, 0x3D, 0x41, 0x3D,
	0x42, 0x3D, 0x42, 0x3D, 0x42, 0x3D, 0x41, 0x3D, 0x42, 0x3D, 0x42, 0x3D,
	0x42, 0x3D, 0x42, 0x3D, 0x42, 0x3D, 0x42, 0x3D, 0x42, 0x3D, 0x41, 0x3D,
	0x42, 0x3D, 0x42, 0x3D, 0x42, 0x3D, 0x42, 0x3D, 0x79, 0x01, 0x6D, 0x04,
	0x65, 0x07, 0x5E, 0x0A, 0x5A, 0x0D, 0x56, 0x0F, 0x54, 0x12, 0x51, 0x14,
	0x4F, 0x16, 0x4E, 0x18, 0x4C, 0x1A, 0x4B, 0x1B, 0x4B, 0x1D, 0x4A, 0x1E,
	0x49, 0x1F, 0x48, 0x21, 0x48, 0x22, 0x48, 0x23, 0x47, 0x23, 0x46, 0x25,
	0x00, 0x74, 0x01, 0x66, 0x04, 0x5E, 0x07, 0x57, 0x0A, 0x53, 0x0D, 0x4F,
	0x10, 0x4D, 0x12, 0x4B, 0x14, 0x49, 0x16, 0x48, 0x18, 0x46, 0x1A, 0x45,
	0x1B, 0x45, 0x1D, 0x44, 0x1E, 0x44, 0x20, 0x43, 0x21, 0x42, 0x22, 0x42,
	0x23, 0x42, 0x24, 0x41, 0x41, 0x3D, 0x41, 0x3D, 0x42, 0x3D, 0x41, 0x3D,
	0x42, 0x3D, 0x42, 0x3D, 0x42, 0x3D, 0x41, 0x3D, 0x42, 0x3D, 0x42, 0x3D,
	0x42, 0x3D, 0x42, 0x3D, 0x42, 0x3D, 0x42, 0x3D, 0x42, 0x3D, 0x41, 0x3D,
	0x42, 0x3D, 0x42, 0x3D, 0x42, 0x3D, 0x42, 0x3D, 0x00, 0x00, 0x00, 0x00,
	0x00, 0x00, 0x00, 0x00, 0x00, 0x00, 0x00, 0x00, 0x00, 0x00, 0x00, 0x00,
	0x00, 0x00, 0x00, 0x00, 0x00, 0x00, 0x00, 0x00, 0x00, 0x00, 0x00, 0x00,
	0x00, 0x00, 0x00, 0x00, 0x00, 0x72, 0x00, 0x5C, 0x00, 0x2D, 0x01, 0x01,
	0x22, 0x00, 0x3A, 0x00, 0x4A, 0x00, 0x56, 0x00, 0x5E, 0x00, 0x64, 0x00,
	0x69, 0x00, 0x6D, 0x00, 0x6F, 0x00, 0x71, 0x00, 0x73, 0x00, 0x75, 0x00,
	0x00, 0x00, 0x00, 0x00, 0x00, 0x00, 0x00, 0x00, 0x00, 0x00, 0x00, 0x00,
	0x00, 0x00, 0x00, 0x00, 0x00, 0x00, 0x00, 0x00, 0x00, 0x00, 0x00, 0x00,
	0x00, 0x00, 0x00, 0x00, 0x00, 0x00, 0x00, 0x00, 0x72, 0x00, 0x5C, 0x00,
	0x2D, 0x00, 0x01, 0x01, 0x00, 0x22, 0x00, 0x3A, 0x00, 0x4A, 0x00, 0x56,
	0x00, 0x5E, 0x00, 0x64, 0x00, 0x69, 0x00, 0x6D, 0x00, 0x6F, 0x00, 0x71,
	0x00, 0x73, 0x00, 0x75, 0x00, 0x00, 0x00, 0x00, 0x00, 0x00, 0x00, 0x00,
	0x00, 0x00, 0x00, 0x00, 0x00, 0x00, 0x00, 0x00, 0x00, 0x00, 0x00, 0x00,
	0x00, 0x00, 0x00, 0x00, 0x00, 0x00, 0x00, 0x00, 0x00, 0x00, 0x00, 0x00,
	0x41, 0x3D, 0x41, 0x3D, 0x42, 0x3D, 0x41, 0x3D, 0x42, 0x3D, 0x42, 0x3D,
	0x42, 0x3D, 0x41, 0x3D, 0x42, 0x3D, 0x42, 0x3D, 0x42, 0x3D, 0x42, 0x3D,
	0x42, 0x3D, 0x42, 0x3D, 0x42, 0x3D, 0x41, 0x3D, 0x42, 0x3D, 0x42, 0x3D,
	0x42, 0x3D, 0x42, 0x3D, 0x7A, 0x01, 0x6F, 0x03, 0x67, 0x06, 0x60, 0x08,
	0x5D, 0x0B, 0x59, 0x0D, 0x56, 0x10, 0x53, 0x11, 0x51, 0x14, 0x50, 0x15,
	0x4E, 0x17, 0x4D, 0x19, 0x4C, 0x1A, 0x4B, 0x1B, 0x4B, 0x1D, 0x48, 0x1E,
	0x49, 0x1F, 0x49, 0x20, 0x48, 0x21, 0x48, 0x22, 0x00, 0x75, 0x01, 0x69,
	0x03, 0x61, 0x06, 0x5A, 0x08, 0x56, 0x0B, 0x52, 0x0D, 0x4F, 0x10, 0x4D,
	0x12, 0x4B, 0x14, 0x4A, 0x16, 0x48, 0x17, 0x47, 0x19, 0x46, 0x1A, 0x45,
	0x1C, 0x45, 0x1D, 0x44, 0x1E, 0x44, 0x1F, 0x44, 0x20, 0x43, 0x21, 0x42,
	0x41, 0x3D, 0x41, 0x3D, 0x42, 0x3D, 0x41, 0x3D, 0x42, 0x3D, 0x42, 0x3D,
	0x42, 0x3D, 0x41, 0x3D, 0x42, 0x3D, 0x42, 0x3D, 0x42, 0x3D, 0x42, 0x3D,
	0x42, 0x3D, 0x42, 0x3D, 0x42, 0x3D, 0x41, 0x3D, 0x42, 0x3D, 0x42, 0x3D,
	0x42, 0x3D, 0x42, 0x3D, 0x00, 0x00, 0x00, 0x00, 0x00, 0x00, 0x00, 0x00,
	0x00, 0x00, 0x00, 0x00, 0x00, 0x00, 0x00, 0x00, 0x00, 0x00, 0x00, 0x00,
	0x00, 0x00, 0x00, 0x00, 0x00, 0x00, 0x00, 0x00, 0x00, 0x00, 0x00, 0x00,
	0x00, 0x78, 0x00, 0x6A, 0x00, 0x48, 0x00, 0x22, 0x00, 0x00, 0x1B, 0x00,
	0x30, 0x00, 0x3F, 0x00, 0x4B, 0x00, 0x54, 0x00, 0x5B, 0x00, 0x61, 0x00,
	0x65, 0x00, 0x68, 0x00, 0x6B, 0x00, 0x6E, 0x00, 0x00, 0x00, 0x00, 0x00,
	0x00, 0x00, 0x00, 0x00, 0x00, 0x00, 0x00, 0x00, 0x00, 0x00, 0x00, 0x00,
	0x00, 0x00, 0x00, 0x00, 0x00, 0x00, 0x00, 0x00, 0x00, 0x00, 0x00, 0x00,
	0x00, 0x00, 0x00, 0x00, 0x78, 0x00, 0x6A, 0x00, 0x48, 0x00, 0x22, 0x00,
	0x00, 0x00, 0x00, 0x1B, 0x00, 0x30, 0x00, 0x3F, 0x00, 0x4B, 0x00, 0x54,
	0x00, 0x5B, 0x00, 0x61, 0x00, 0x65, 0x00, 0x68, 0x00, 0x6B, 0x00, 0x6E,
	0x00, 0x00, 0x00, 0x00, 0x00, 0x00, 0x00, 0x00, 0x00, 0x00, 0x00, 0x00,
	0x00, 0x00, 0x00, 0x00, 0x00, 0x00, 0x00, 0x00, 0x00, 0x00, 0x00, 0x00,
	0x00, 0x00, 0x00, 0x00, 0x00, 0x00, 0x00, 0x00, 0x41, 0x3D, 0x42, 0x3D,
	0x42, 0x3D, 0x41, 0x3D, 0x42, 0x3D, 0x42, 0x3D, 0x42, 0x3D, 0x41, 0x3D,
	0x42, 0x3D, 0x42, 0x3D, 0x42, 0x3D, 0x42, 0x3D, 0x42, 0x3D, 0x42, 0x3D,
	0x42, 0x3D, 0x41, 0x3D, 0x42, 0x3D, 0x42, 0x3D, 0x42, 0x3D, 0x42, 0x3D,
	0x7B, 0x01, 0x71, 0x02, 0x69, 0x05, 0x62, 0x07, 0x5F, 0x09, 0x5B, 0x0C,
	0x58, 0x0E, 0x55, 0x10, 0x53, 0x11, 0x52, 0x13, 0x50, 0x15, 0x4E, 0x16,
	0x4E, 0x18, 0x4C, 0x19, 0x4C, 0x1A, 0x4A, 0x1C, 0x4B, 0x1D, 0x49, 0x1E,
	0x49, 0x1F, 0x49, 0x20, 0x00, 0x76, 0x01, 0x6B, 0x03, 0x63, 0x05, 0x5D,
	0x07, 0x58, 0x09, 0x54, 0x0C, 0x52, 0x0E, 0x4F, 0x10, 0x4D, 0x11, 0x4C,
	0x13, 0x4A, 0x15, 0x49, 0x17, 0x48, 0x18, 0x47, 0x19, 0x46, 0x1B, 0x45,
	0x1C, 0x45, 0x1D, 0x44, 0x1E, 0x44, 0x1F, 0x44, 0x41, 0x3D, 0x42, 0x3D,
	0x42, 0x3D, 0x41, 0x3D, 0x42, 0x3D, 0x42, 0x3D, 0x42, 0x3D, 0x41, 0x3D,
	0x42, 0x3D, 0x42, 0x3D, 0x42, 0x3D, 0x42, 0x3D, 0x42, 0x3D, 0x42, 0x3D,
	0x42, 0x3D, 0x41, 0x3D, 0x42, 0x3D, 0x42, 0x3D, 0x42, 0x3D, 0x42, 0x3D,
	0x00, 0x00, 0x00, 0x00, 0x00, 0x00, 0x00, 0x00, 0x00, 0x00, 0x00, 0x00,
	0x00, 0x00, 0x00, 0x00, 0x00, 0x00, 0x00, 0x00, 0x00, 0x00, 0x00, 0x00,
	0x00, 0x00, 0x00, 0x00, 0x00, 0x00, 0x00, 0x00, 0x00, 0x7A, 0x00, 0x71,
	0x00, 0x59, 0x00, 0x3A, 0x00, 0x1B, 0x00, 0x00, 0x16, 0x00, 0x28, 0x00,
	0x37, 0x00, 0x42, 0x00, 0x4B, 0x00, 0x53, 0x00, 0x59, 0x00, 0x5E, 0x00,
	0x62, 0x00, 0x65, 0x00, 0x00, 0x00, 0x00, 0x00, 0x00, 0x00, 0x00, 0x00,
	0x00, 0x00, 0x00, 0x00, 0x00, 0x00, 0x00, 0x00, 0x00, 0x00, 0x00, 0x00,
	0x00, 0x00, 0x00, 0x00, 0x00, 0x00, 0x00, 0x00, 0x00, 0x00, 0x00, 0x00,
	0x7A, 0x00, 0x71, 0x00, 0x59, 0x00, 0x3A, 0x00, 0x1B, 0x00, 0x00, 0x00,
	0x00, 0x16, 0x00, 0x28, 0x00, 0x37, 0x00, 0x42, 0x00, 0x4B, 0x00, 0x53,
	0x00, 0x59, 0x00, 0x5E, 0x00, 0x62, 0x00, 0x65, 0x00, 0x00, 0x00, 0x00,
	0x00, 0x00, 0x00, 0x00, 0x00, 0x00, 0x00, 0x00, 0x00, 0x00, 0x00, 0x00,
	0x00, 0x00, 0x00, 0x00, 0x00, 0x00, 0x00, 0x00, 0x00, 0x00, 0x00, 0x00,
	0x00, 0x00, 0x00, 0x00, 0x41, 0x3D, 0x42, 0x3D, 0x42, 0x3D, 0x41, 0x3D,
	0x42, 0x3D, 0x42, 0x3D, 0x42, 0x3D, 0x41, 0x3D, 0x42, 0x3D, 0x42, 0x3D,
	0x42, 0x3D, 0x42, 0x3D, 0x42, 0x3D, 0x42, 0x3D, 0x42, 0x3D, 0x41, 0x3D,
	0x42, 0x3D, 0x42, 0x3D, 0x42, 0x3D, 0x42, 0x3D, 0x7B, 0x00, 0x72, 0x02,
	0x6B, 0x04, 0x64, 0x06, 0x61, 0x08, 0x5D, 0x0A, 0x5A, 0x0C, 0x56, 0x0E,
	0x55, 0x10, 0x53, 0x11, 0x52, 0x13, 0x50, 0x15, 0x4F, 0x16, 0x4E, 0x17,
	0x4D, 0x18, 0x4B, 0x1A, 0x4B, 0x1A, 0x4B, 0x1C, 0x4B, 0x1D, 0x49, 0x1D,
	0x00, 0x77, 0x00, 0x6C, 0x02, 0x65, 0x04, 0x5F, 0x06, 0x5A, 0x08, 0x57,
	0x0A, 0x54, 0x0C, 0x51, 0x0E, 0x4F, 0x10, 0x4D, 0x11, 0x4C, 0x13, 0x4A,
	0x15, 0x49, 0x16, 0x48, 0x18, 0x48, 0x18, 0x46, 0x1A, 0x46, 0x1B, 0x45,
	0x1C, 0x45, 0x1D, 0x45, 0x41, 0x3D, 0x42, 0x3D, 0x42, 0x3D, 0x41, 0x3D,
	0x42, 0x3D, 0x42, 0x3D, 0x42, 0x3D, 0x41, 0x3D, 0x42, 0x3D, 0x42, 0x3D,
	0x42, 0x3D, 0x42, 0x3D, 0x42, 0x3D, 0x42, 0x3D, 0x42, 0x3D, 0x41, 0x3D,
	0x42, 0x3D, 0x42, 0x3D, 0x42, 0x3D, 0x42, 0x3D, 0x00, 0x00, 0x00, 0x00,
	0x00, 0x00, 0x00, 0x00, 0x00, 0x00, 0x00, 0x00, 0x00, 0x00, 0x00, 0x00,
	0x00, 0x00, 0x00, 0x00, 0x00, 0x00, 0x00, 0x00, 0x00, 0x00, 0x00, 0x00,
	0x00, 0x00, 0x00, 0x00, 0x00, 0x7C, 0x00, 0x75, 0x00, 0x63, 0x00, 0x4A,
	0x00, 0x30, 0x00, 0x16, 0x00, 0x00, 0x13, 0x00, 0x23, 0x00, 0x30, 0x00,
	0x3B, 0x00, 0x44, 0x00, 0x4C, 0x00, 0x52, 0x00, 0x57, 0x00, 0x5B, 0x00,
	0x00, 0x00, 0x00, 0x00, 0x00, 0x00, 0x00, 0x00, 0x00, 0x00, 0x00, 0x00,
	0x00, 0x00, 0x00, 0x00, 0x00, 0x00, 0x00, 0x00, 0x00, 0x00, 0x00, 0x00,
	0x00, 0x00, 0x00, 0x00, 0x00, 0x00, 0x00, 0x00, 0x7C, 0x00, 0x75, 0x00,
	0x63, 0x00, 0x4A, 0x00, 0x30, 0x00, 0x16, 0x00, 0x00, 0x00, 0x00, 0x13,
	0x00, 0x23, 0x00, 0x30, 0x00, 0x3B, 0x00, 0x44, 0x00, 0x4C, 0x00, 0x52,
	0x00, 0x57, 0x00, 0x5B, 0x00, 0x00, 0x00, 0x00, 0x00, 0x00, 0x00, 0x00,
	0x00, 0x00, 0x00, 0x00, 0x00, 0x00, 0x00, 0x00, 0x00, 0x00, 0x00, 0x00,
	0x00, 0x00, 0x00, 0x00, 0x00, 0x00, 0x00, 0x00, 0x00, 0x00, 0x00, 0x00,
	0x41, 0x3D, 0x42, 0x3D, 0x42, 0x3D, 0x41, 0x3D, 0x42, 0x3D, 0x42, 0x3D,
	0x42, 0x3D, 0x41, 0x3D, 0x42, 0x3D, 0x42, 0x3D, 0x42, 0x3D, 0x42, 0x3D,
	0x42, 0x3D, 0x42, 0x3D, 0x42, 0x3D, 0x41, 0x3D, 0x42, 0x3D, 0x42, 0x3D,
	0x42, 0x3D, 0x42, 0x3D, 0x7C, 0x00, 0x73, 0x02, 0x6C, 0x03, 0x66, 0x05,
	0x63, 0x07, 0x5E, 0x09, 0x5C, 0x0B, 0x58, 0x0C, 0x57, 0x0E, 0x55, 0x10,
	0x53, 0x11, 0x52, 0x13, 0x50, 0x14, 0x4F, 0x15, 0x4E, 0x17, 0x4C, 0x18,
	0x4C, 0x19, 0x4C, 0x1A, 0x4B, 0x1A, 0x4B, 0x1C, 0x00, 0x77, 0x00, 0x6E,
	0x02, 0x66, 0x04, 0x61, 0x05, 0x5C, 0x07, 0x59, 0x09, 0x56, 0x0B, 0x53,
	0x0D, 0x51, 0x0F, 0x4F, 0x10, 0x4E, 0x11, 0x4C, 0x13, 0x4B, 0x14, 0x4A,
	0x15, 0x48, 0x17, 0x48, 0x18, 0x47, 0x19, 0x46, 0x1B, 0x46, 0x1B, 0x45,
	0x41, 0x3D, 0x42, 0x3D, 0x42, 0x3D, 0x41, 0x3D, 0x42, 0x3D, 0x42, 0x3D,
	0x42, 0x3D, 0x41, 0x3D, 0x42, 0x3D, 0x42, 0x3D, 0x42, 0x3D, 0x42, 0x3D,
	0x42, 0x3D, 0x42, 0x3D, 0x42, 0x3D, 0x41, 0x3D, 0x42, 0x3D, 0x42, 0x3D,
	0x42, 0x3D, 0x42, 0x3D, 0x00, 0x00, 0x00, 0x00, 0x00, 0x00, 0x00, 0x00,
	0x00, 0x00, 0x00, 0x00, 0x00, 0x00, 0x00, 0x00, 0x00, 0x00, 0x00, 0x00,
	0x00, 0x00, 0x00, 0x00, 0x00, 0x00, 0x00, 0x00, 0x00, 0x00, 0x00, 0x00,
	0x00, 0x7C, 0x00, 0x78, 0x00, 0x6A, 0x00, 0x56, 0x00, 0x3F, 0x00, 0x28,
	0x00, 0x13, 0x00, 0x00, 0x10, 0x00, 0x1F, 0x00, 0x2B, 0x00, 0x35, 0x00,
	0x3E, 0x00, 0x45, 0x00, 0x4C, 0x00, 0x51, 0x00, 0x00, 0x00, 0x00, 0x00,
	0x00, 0x00, 0x00, 0x00, 0x00, 0x00, 0x00, 0x00, 0x00, 0x00, 0x00, 0x00,
	0x00, 0x00, 0x00, 0x00, 0x00, 0x00, 0x00, 0x00, 0x00, 0x00, 0x00, 0x00,
	0x00, 0x00, 0x00, 0x00, 0x7C, 0x00, 0x78, 0x00, 0x6A, 0x00, 0x56, 0x00,
	0x3F, 0x00, 0x28, 0x00, 0x13, 0x00, 0x00, 0x00, 0x00, 0x10, 0x00, 0x1F,
	0x00, 0x2B, 0x00, 0x35, 0x00, 0x3E, 0x00, 0x45, 0x00, 0x4C, 0x00, 0x51,
	0x00, 0x00, 0x00, 0x00, 0x00, 0x00, 0x00, 0x00, 0x00, 0x00, 0x00, 0x00,
	0x00, 0x00, 0x00, 0x00, 0x00, 0x00, 0x00, 0x00, 0x00, 0x00, 0x00, 0x00,
	0x00, 0x00, 0x00, 0x00, 0x00, 0x00, 0x00, 0x00, 0x41, 0x3D, 0x42, 0x3D,
	0x42, 0x3D, 0x41, 0x3D, 0x42, 0x3D, 0x42, 0x3D, 0x42, 0x3D, 0x41, 0x3D,
	0x42, 0x3D, 0x42, 0x3D, 0x42, 0x3D, 0x42, 0x3D, 0x42, 0x3D, 0x42, 0x3D,
	0x42, 0x3D, 0x41, 0x3D, 0x42, 0x3D, 0x42, 0x3D, 0x42, 0x3D, 0x42, 0x3D,
	0x7C, 0x00, 0x74, 0x02, 0x6E, 0x03, 0x68, 0x05, 0x64, 0x06, 0x60, 0x08,
	0x5D, 0x0A, 0x5A, 0x0B, 0x58, 0x0D, 0x56, 0x0E, 0x55, 0x10, 0x53, 0x11,
	0x52, 0x13, 0x50, 0x14, 0x50, 0x15, 0x4D, 0x16, 0x4E, 0x18, 0x4C, 0x18,
	0x4C, 0x19, 0x4C, 0x1A, 0x00, 0x77, 0x00, 0x6F, 0x02, 0x68, 0x03, 0x63,
	0x05, 0x5E, 0x06, 0x5A, 0x08, 0x57, 0x0A, 0x55, 0x0B, 0x53, 0x0D, 0x50,
	0x0F, 0x4F, 0x10, 0x4E, 0x11, 0x4C, 0x13, 0x4B, 0x14, 0x4A, 0x15, 0x49,
	0x16, 0x48, 0x18, 0x48, 0x18, 0x46, 0x19, 0x46, 0x41, 0x3D, 0x42, 0x3D,
	0x42, 0x3D, 0x41, 0x3D, 0x42, 0x3D, 0x42, 0x3D, 0x42, 0x3D, 0x41, 0x3D,
	0x42, 0x3D, 0x42, 0x3D, 0x42, 0x3D, 0x42, 0x3D, 0x42, 0x3D, 0x42, 0x3D,
	0x42, 0x3D, 0x41, 0x3D, 0x42, 0x3D, 0x42, 0x3D, 0x42, 0x3D, 0x42, 0x3D,
	0x00, 0x00, 0x00, 0x00, 0x00, 0x00, 0x00, 0x00, 0x00, 0x00, 0x00, 0x00,
	0x00, 0x00, 0x00, 0x00, 0x00, 0x00, 0x00, 0x00, 0x00, 0x00, 0x00, 0x00,
	0x00, 0x00, 0x00, 0x00, 0x00, 0x00, 0x00, 0x00, 0x00, 0x7D, 0x00, 0x79,
	0x00, 0x6E, 0x00, 0x5E, 0x00, 0x4B, 0x00, 0x37, 0x00, 0x23, 0x00, 0x10,
	0x00, 0x00, 0x0E, 0x00, 0x1B, 0x00, 0x27, 0x00, 0x30, 0x00, 0x39, 0x00,
	0x40, 0x00, 0x46, 0x00, 0x00, 0x00, 0x00, 0x00, 0x00, 0x00, 0x00, 0x00,
	0x00, 0x00, 0x00, 0x00, 0x00, 0x00, 0x00, 0x00, 0x00, 0x00, 0x00, 0x00,
	0x00, 0x00, 0x00, 0x00, 0x00, 0x00, 0x00, 0x00, 0x00, 0x00, 0x00, 0x00,
	0x7D, 0x00, 0x79, 0x00, 0x6E, 0x00, 0x5E, 0x00, 0x4B, 0x00, 0x37, 0x00,
	0x23, 0x00, 0x10, 0x00, 0x00, 0x00, 0x00, 0x0E, 0x00, 0x1B, 0x00, 0x27,
	0x00, 0x30, 0x00, 0x39, 0x00, 0x40, 0x00, 0x46, 0x00, 0x00, 0x00, 0x00,
	0x00, 0x00, 0x00, 0x00, 0x00, 0x00, 0x00, 0x00, 0x00, 0x00, 0x00, 0x00,
	0x00, 0x00, 0x00, 0x00, 0x00, 0x00, 0x00, 0x00, 0x00, 0x00, 0x00, 0x00,
	0x00, 0x00, 0x00, 0x00, 0x41, 0x3D, 0x42, 0x3D, 0x42, 0x3D, 0x41, 0x3D,
	0x42, 0x3D, 0x42, 0x3D, 0x42, 0x3D, 0x41, 0x3D, 0x42, 0x3D, 0x42, 0x3D,
	0x42, 0x3D, 0x42, 0x3D, 0x42, 0x3D, 0x42, 0x3D, 0x42, 0x3D, 0x41, 0x3D,
	0x42, 0x3D, 0x42, 0x3D, 0x42, 0x3D, 0x42, 0x3D, 0x7D, 0x00, 0x75, 0x01,
	0x6F, 0x02, 0x69, 0x04, 0x65, 0x06, 0x62, 0x07, 0x5F, 0x09, 0x5B, 0x0B,
	0x5A, 0x0C, 0x58, 0x0D, 0x56, 0x0E, 0x55, 0x10, 0x53, 0x11, 0x52, 0x13,
	0x50, 0x13, 0x4F, 0x15, 0x4E, 0x15, 0x4E, 0x17, 0x4D, 0x18, 0x4C, 0x18,
	0x00, 0x78, 0x00, 0x70, 0x01, 0x69, 0x03, 0x64, 0x04, 0x60, 0x06, 0x5C,
	0x07, 0x59, 0x09, 0x56, 0x0B, 0x54, 0x0C, 0x52, 0x0D, 0x50, 0x0F, 0x4F,
	0x10, 0x4E, 0x11, 0x4C, 0x13, 0x4B, 0x13, 0x4A, 0x15, 0x4A, 0x15, 0x48,
	0x17, 0x48, 0x18, 0x47, 0x41, 0x3D, 0x42, 0x3D, 0x42, 0x3D, 0x41, 0x3D,
	0x42, 0x3D, 0x42, 0x3D, 0x42, 0x3D, 0x41, 0x3D, 0x42, 0x3D, 0x42, 0x3D,
	0x42, 0x3D, 0x42, 0x3D, 0x42, 0x3D, 0x42, 0x3D, 0x42, 0x3D, 0x41, 0x3D,
	0x42, 0x3D, 0x42, 0x3D, 0x42, 0x3D, 0x42, 0x3D, 0x00, 0x00, 0x00, 0x00,
	0x00, 0x00, 0x00, 0x00, 0x00, 0x00, 0x00, 0x00, 0x00, 0x00, 0x00, 0x00,
	0x00, 0x00, 0x00, 0x00, 0x00, 0x00, 0x00, 0x00, 0x00, 0x00, 0x00, 0x00,
	0x00, 0x00, 0x00, 0x00, 0x00, 0x7D, 0x00, 0x7A, 0x00, 0x72, 0x00, 0x64,
	0x00, 0x54, 0x00, 0x42, 0x00, 0x30, 0x00, 0x1F, 0x00, 0x0E, 0x00, 0x00,
	0x0D, 0x00, 0x19, 0x00, 0x23, 0x00, 0x2C, 0x00, 0x34, 0x00, 0x3B, 0x00,
	0x00, 0x00, 0x00, 0x00, 0x00, 0x00, 0x00, 0x00, 0x00, 0x00, 0x00, 0x00,
	0x00, 0x00, 0x00, 0x00, 0x00, 0x00, 0x00, 0x00, 0x00, 0x00, 0x00, 0x00,
	0x00, 0x00, 0x00, 0x00, 0x00, 0x00, 0x00, 0x00, 0x7D, 0x00, 0x7A, 0x00,
	0x72, 0x00, 0x64, 0x00, 0x54, 0x00, 0x42, 0x00, 0x30, 0x00, 0x1F, 0x00,
	0x0E, 0x00, 0x00, 0x00, 0x00, 0x0D, 0x00, 0x19, 0x00, 0x23, 0x00, 0x2C,
	0x00, 0x34, 0x00, 0x3B, 0x00, 0x00, 0x00, 0x00, 0x00, 0x00, 0x00, 0x00,
	0x00, 0x00, 0x00, 0x00, 0x00, 0x00, 0x00, 0x00, 0x00, 0x00, 0x00, 0x00,
	0x00, 0x00, 0x00, 0x00, 0x00, 0x00, 0x00, 0x00, 0x00, 0x00, 0x00, 0x00,
	0x41, 0x3D, 0x42, 0x3D, 0x42, 0x3D, 0x41, 0x3D, 0x42, 0x3D, 0x42, 0x3D,
	0x42, 0x3D, 0x41, 0x3D, 0x42, 0x3D, 0x42, 0x3D, 0x42, 0x3D, 0x42, 0x3D,
	0x42, 0x3D, 0x42, 0x3D, 0x42, 0x3D, 0x41, 0x3D, 0x42, 0x3D, 0x42, 0x3D,
	0x42, 0x3D, 0x42, 0x3D, 0x7D, 0x00, 0x76, 0x01, 0x70, 0x02, 0x6A, 0x03,
	0x67, 0x05, 0x63, 0x06, 0x60, 0x08, 0x5D, 0x09, 0x5B, 0x0B, 0x59, 0x0C,
	0x57, 0x0D, 0x55, 0x0E, 0x55, 0x10, 0x53, 0x11, 0x52, 0x13, 0x4F, 0x13,
	0x50, 0x15, 0x4F, 0x15, 0x4E, 0x16, 0x4E, 0x18, 0x00, 0x78, 0x00, 0x71,
	0x01, 0x6A, 0x03, 0x66, 0x04, 0x61, 0x05, 0x5D, 0x06, 0x5A, 0x08, 0x58,
	0x09, 0x55, 0x0B, 0x53, 0x0D, 0x52, 0x0E, 0x50, 0x0F, 0x4E, 0x10, 0x4E,
	0x11, 0x4C, 0x13, 0x4C, 0x13, 0x4A, 0x15, 0x4A, 0x15, 0x49, 0x16, 0x48,
	0x41, 0x3D, 0x42, 0x3D, 0x42, 0x3D, 0x41, 0x3D, 0x42, 0x3D, 0x42, 0x3D,
	0x42, 0x3D, 0x41, 0x3D, 0x42, 0x3D, 0x42, 0x3D, 0x42, 0x3D, 0x42, 0x3D,
	0x42, 0x3D, 0x42, 0x3D, 0x42, 0x3D, 0x41, 0x3D, 0x42, 0x3D, 0x42, 0x3D,
	0x42, 0x3D, 0x42, 0x3D, 0x00, 0x00, 0x00, 0x00, 0x00, 0x00, 0x00, 0x00,
	0x00, 0x00, 0x00, 0x00, 0x00, 0x00, 0x00, 0x00, 0x00, 0x00, 0x00, 0x00,
	0x00, 0x00, 0x00, 0x00, 0x00, 0x00, 0x00, 0x00, 0x00, 0x00, 0x00, 0x00,
	0x00, 0x7E, 0x00, 0x7B, 0x00, 0x74, 0x00, 0x69, 0x00, 0x5B, 0x00, 0x4B,
	0x00, 0x3B, 0x00, 0x2B, 0x00, 0x1B, 0x00, 0x0D, 0x00, 0x00, 0x0C, 0x00,
	0x16, 0x00, 0x20, 0x00, 0x29, 0x00, 0x30, 0x00, 0x00, 0x00, 0x00, 0x00,
	0x00, 0x00, 0x00, 0x00, 0x00, 0x00, 0x00, 0x00, 0x00, 0x00, 0x00, 0x00,
	0x00, 0x00, 0x00, 0x00, 0x00, 0x00, 0x00, 0x00, 0x00, 0x00, 0x00, 0x00,
	0x00, 0x00, 0x00, 0x00, 0x7E, 0x00, 0x7B, 0x00, 0x74, 0x00, 0x69, 0x00,
	0x5B, 0x00, 0x4B, 0x00, 0x3B, 0x00, 0x2B, 0x00, 0x1B, 0x00, 0x0D, 0x00,
	0x00, 0x00, 0x00, 0x0C, 0x00, 0x16, 0x00, 0x20, 0x00, 0x29, 0x00, 0x30,
	0x00, 0x00, 0x00, 0x00, 0x00, 0x00, 0x00, 0x00, 0x00, 0x00, 0x00, 0x00,
	0x00, 0x00, 0x00, 0x00, 0x00, 0x00, 0x00, 0x00, 0x00, 0x00, 0x00, 0x00,
	0x00, 0x00, 0x00, 0x00, 0x00, 0x00, 0x00, 0x00, 0x41, 0x3D, 0x42, 0x3D,
	0x42, 0x3D, 0x41, 0x3D, 0x42, 0x3D, 0x42, 0x3D, 0x42, 0x3D, 0x41, 0x3D,
	0x42, 0x3D, 0x42, 0x3D, 0x42, 0x3D, 0x42, 0x3D, 0x42, 0x3D, 0x42, 0x3D,
	0x42, 0x3D, 0x41, 0x3D, 0x42, 0x3D, 0x42, 0x3D, 0x42, 0x3D, 0x42, 0x3D,
	0x7D, 0x00, 0x76, 0x01, 0x71, 0x02, 0x6C, 0x03, 0x68, 0x05, 0x64, 0x06,
	0x61, 0x07, 0x5E, 0x09, 0x5C, 0x0A, 0x5A, 0x0B, 0x59, 0x0C, 0x57, 0x0E,
	0x55, 0x0E, 0x55, 0x11, 0x52, 0x11, 0x51, 0x12, 0x51, 0x13, 0x50, 0x14,
	0x4F, 0x15, 0x4E, 0x15, 0x00, 0x79, 0x00, 0x71, 0x01, 0x6C, 0x02, 0x66,
	0x04, 0x62, 0x05, 0x5F, 0x06, 0x5C, 0x07, 0x59, 0x09, 0x57, 0x0A, 0x55,
	0x0B, 0x53, 0x0D, 0x51, 0x0E, 0x50, 0x0F, 0x4E, 0x11, 0x4E, 0x11, 0x4C,
	0x13, 0x4C, 0x13, 0x4B, 0x14, 0x4A, 0x15, 0x4A, 0x41, 0x3D, 0x42, 0x3D,
	0x42, 0x3D, 0x41, 0x3D, 0x42, 0x3D, 0x42, 0x3D, 0x42, 0x3D, 0x41, 0x3D,
	0x42, 0x3D, 0x42, 0x3D, 0x42, 0x3D, 0x42, 0x3D, 0x42, 0x3D, 0x42, 0x3D,
	0x42, 0x3D, 0x41, 0x3D, 0x42, 0x3D, 0x42, 0x3D, 0x42, 0x3D, 0x42, 0x3D,
	0x00, 0x00, 0x00, 0x00, 0x00, 0x00, 0x00, 0x00, 0x00, 0x00, 0x00, 0x00,
	0x00, 0x00, 0x00, 0x00, 0x00, 0x00, 0x00, 0x00, 0x00, 0x00, 0x00, 0x00,
	0x00, 0x00, 0x00, 0x00, 0x00, 0x00, 0x00, 0x00, 0x00, 0x7E, 0x00, 0x7C,
	0x00, 0x76, 0x00, 0x6D, 0x00, 0x61, 0x00, 0x53, 0x00, 0x44, 0x00, 0x35,
	0x00, 0x27, 0x00, 0x19, 0x00, 0x0C, 0x00, 0x00, 0x0B, 0x00, 0x15, 0x00,
	0x1E, 0x00, 0x26, 0x00, 0x00, 0x00, 0x00, 0x00, 0x00, 0x00, 0x00, 0x00,
	0x00, 0x00, 0x00, 0x00, 0x00, 0x00, 0x00, 0x00, 0x00, 0x00, 0x00, 0x00,
	0x00, 0x00, 0x00, 0x00, 0x00, 0x00, 0x00, 0x00, 0x00, 0x00, 0x00, 0x00,
	0x7E, 0x00, 0x7C, 0x00, 0x76, 0x00, 0x6D, 0x00, 0x61, 0x00, 0x53, 0x00,
	0x44, 0x00, 0x35, 0x00, 0x27, 0x00, 0x19, 0x00, 0x0C, 0x00, 0x00, 0x00,
	0x00, 0x0B, 0x00, 0x15, 0x00, 0x1E, 0x00, 0x26, 0x00, 0x00, 0x00, 0x00,
	0x00, 0x00, 0x00, 0x00, 0x00, 0x00, 0x00, 0x00, 0x00, 0x00, 0x00, 0x00,
	0x00, 0x00, 0x00, 0x00, 0x00, 0x00, 0x00, 0x00, 0x00, 0x00, 0x00, 0x00,
	0x00, 0x00, 0x00, 0x00, 0x41, 0x3D, 0x42, 0x3D, 0x42, 0x3D, 0x41, 0x3D,
	0x42, 0x3D, 0x42, 0x3D, 0x42, 0x3D, 0x41, 0x3D, 0x42, 0x3D, 0x42, 0x3D,
	0x42, 0x3D, 0x42, 0x3D, 0x42, 0x3D, 0x42, 0x3D, 0x42, 0x3D, 0x41, 0x3D,
	0x42, 0x3D, 0x42, 0x3D, 0x42, 0x3D, 0x42, 0x3D, 0x7D, 0x00, 0x77, 0x01,
	0x72, 0x02, 0x6D, 0x03, 0x69, 0x04, 0x66, 0x06, 0x63, 0x07, 0x5F, 0x08,
	0x5E, 0x09, 0x5C, 0x0B, 0x5A, 0x0C, 0x58, 0x0C, 0x57, 0x0E, 0x55, 0x0F,
	0x54, 0x11, 0x51, 0x11, 0x52, 0x12, 0x51, 0x13, 0x50, 0x14, 0x50, 0x15,
	0x00, 0x79, 0x00, 0x72, 0x01, 0x6D, 0x02, 0x68, 0x03, 0x63, 0x04, 0x60,
	0x06, 0x5D, 0x07, 0x5B, 0x08, 0x58, 0x09, 0x56, 0x0B, 0x54, 0x0C, 0x53,
	0x0D, 0x51, 0x0E, 0x50, 0x0F, 0x4E, 0x11, 0x4E, 0x11, 0x4C, 0x12, 0x4C,
	0x13, 0x4B, 0x14, 0x4A, 0x41, 0x3D, 0x42, 0x3D, 0x42, 0x3D, 0x41, 0x3D,
	0x42, 0x3D, 0x42, 0x3D, 0x42, 0x3D, 0x41, 0x3D, 0x42, 0x3D, 0x42, 0x3D,
	0x42, 0x3D, 0x42, 0x3D, 0x42, 0x3D, 0x42, 0x3D, 0x42, 0x3D, 0x41, 0x3D,
	0x42, 0x3D, 0x42, 0x3D, 0x42, 0x3D, 0x42, 0x3D, 0x00, 0x00, 0x00, 0x00,
	0x00, 0x00, 0x00, 0x00, 0x00, 0x00, 0x00, 0x00, 0x00, 0x00, 0x00, 0x00,
	0x00, 0x00, 0x00, 0x00, 0x00, 0x00, 0x00, 0x00, 0x00, 0x00, 0x00, 0x00,
	0x00, 0x00, 0x00, 0x00, 0x00, 0x7E, 0x00, 0x7C, 0x00, 0x77, 0x00, 0x6F,
	0x00, 0x65, 0x00, 0x59, 0x00, 0x4C, 0x00, 0x3E, 0x00, 0x30, 0x00, 0x23,
	0x00, 0x16, 0x00, 0x0B, 0x00, 0x00, 0x0A, 0x00, 0x13, 0x00, 0x1B, 0x00,
	0x00, 0x00, 0x00, 0x00, 0x00, 0x00, 0x00, 0x00, 0x00, 0x00, 0x00, 0x00,
	0x00, 0x00, 0x00, 0x00, 0x00, 0x00, 0x00, 0x00, 0x00, 0x00, 0x00, 0x00,
	0x00, 0x00, 0x00, 0x00, 0x00, 0x00, 0x00, 0x00, 0x7E, 0x00, 0x7C, 0x00,
	0x77, 0x00, 0x6F, 0x00, 0x65, 0x00, 0x59, 0x00, 0x4C, 0x00, 0x3E, 0x00,
	0x30, 0x00, 0x23, 0x00, 0x16, 0x00, 0x0B, 0x00, 0x00, 0x00, 0x00, 0x0A,
	0x00, 0x13, 0x00, 0x1B, 0x00, 0x00, 0x00, 0x00, 0x00, 0x00, 0x00, 0x00,
	0x00, 0x00, 0x00, 0x00, 0x00, 0x00, 0x00, 0x00, 0x00, 0x00, 0x00, 0x00,
	0x00, 0x00, 0x00, 0x00, 0x00, 0x00, 0x00, 0x00, 0x00, 0x00, 0x00, 0x00,
	0x41, 0x3D, 0x42, 0x3D, 0x42, 0x3D, 0x41, 0x3D, 0x42, 0x3D, 0x42, 0x3D,
	0x42, 0x3D, 0x41, 0x3D, 0x42, 0x3D, 0x42, 0x3D, 0x42, 0x3D, 0x42, 0x3D,
	0x42, 0x3D, 0x42, 0x3D, 0x42, 0x3D, 0x41, 0x3D, 0x42, 0x3D, 0x42, 0x3D,
	0x42, 0x3D, 0x42, 0x3D, 0x7D, 0x00, 0x78, 0x01, 0x72, 0x02, 0x6E, 0x02,
	0x6A, 0x03, 0x67, 0x05, 0x64, 0x06, 0x60, 0x07, 0x5F, 0x09, 0x5C, 0x0A,
	0x5B, 0x0B, 0x5A, 0x0C, 0x57, 0x0C, 0x56, 0x0E, 0x55, 0x0F, 0x53, 0x11,
	0x52, 0x11, 0x52, 0x12, 0x51, 0x13, 0x50, 0x13, 0x00, 0x79, 0x00, 0x73,
	0x01, 0x6D, 0x02, 0x69, 0x03, 0x65, 0x04, 0x61, 0x05, 0x5E, 0x06, 0x5C,
	0x07, 0x59, 0x09, 0x57, 0x0A, 0x55, 0x0B, 0x54, 0x0D, 0x53, 0x0D, 0x51,
	0x0F, 0x50, 0x0F, 0x4E, 0x11, 0x4E, 0x11, 0x4C, 0x12, 0x4C, 0x13, 0x4B,
	0x41, 0x3D, 0x42, 0x3D, 0x42, 0x3D, 0x41, 0x3D, 0x42, 0x3D, 0x42, 0x3D,
	0x42, 0x3D, 0x41, 0x3D, 0x42, 0x3D, 0x42, 0x3D, 0x42, 0x3D, 0x42, 0x3D,
	0x42, 0x3D, 0x42, 0x3D, 0x42, 0x3D, 0x41, 0x3D, 0x42, 0x3D, 0x42, 0x3D,
	0x42, 0x3D, 0x42, 0x3D, 0x00, 0x00, 0x00, 0x00, 0x00, 0x00, 0x00, 0x00,
	0x00, 0x00, 0x00, 0x00, 0x00, 0x00, 0x00, 0x00, 0x00, 0x00, 0x00, 0x00,
	0x00, 0x00, 0x00, 0x00, 0x00, 0x00, 0x00, 0x00, 0x00, 0x00, 0x00, 0x00,
	0x00, 0x7E, 0x00, 0x7D, 0x00, 0x78, 0x00, 0x71, 0x00, 0x68, 0x00, 0x5E,
	0x00, 0x52, 0x00, 0x45, 0x00, 0x39, 0x00, 0x2C, 0x00, 0x20, 0x00, 0x15,
	0x00, 0x0A, 0x00, 0x00, 0x09, 0x00, 0x12, 0x00, 0x00, 0x00, 0x00, 0x00,
	0x00, 0x00, 0x00, 0x00, 0x00, 0x00, 0x00, 0x00, 0x00, 0x00, 0x00, 0x00,
	0x00, 0x00, 0x00, 0x00, 0x00, 0x00, 0x00, 0x00, 0x00, 0x00, 0x00, 0x00,
	0x00, 0x00, 0x00, 0x00, 0x7E, 0x00, 0x7D, 0x00, 0x78, 0x00, 0x71, 0x00,
	0x68, 0x00, 0x5E, 0x00, 0x52, 0x00, 0x45, 0x00, 0x39, 0x00, 0x2C, 0x00,
	0x20, 0x00, 0x15, 0x00, 0x0A, 0x00, 0x00, 0x00, 0x00, 0x09, 0x00, 0x12,
	0x00, 0x00, 0x00, 0x00, 0x00, 0x00, 0x00, 0x00, 0x00, 0x00, 0x00, 0x00,
	0x00, 0x00, 0x00, 0x00, 0x00, 0x00, 0x00, 0x00, 0x00, 0x00, 0x00, 0x00,
	0x00, 0x00, 0x00, 0x00, 0x00, 0x00, 0x00, 0x00, 0x41, 0x3D, 0x42, 0x3D,
	0x42, 0x3D, 0x41, 0x3D, 0x42, 0x3D, 0x42, 0x3D, 0x42, 0x3D, 0x41, 0x3D,
	0x42, 0x3D, 0x42, 0x3D, 0x42, 0x3D, 0x42, 0x3D, 0x42, 0x3D, 0x42, 0x3D,
	0x42, 0x3D, 0x41, 0x3D, 0x42, 0x3D, 0x42, 0x3D, 0x42, 0x3D, 0x42, 0x3D,
	0x7E, 0x00, 0x78, 0x01, 0x73, 0x02, 0x6E, 0x02, 0x6B, 0x03, 0x68, 0x05,
	0x65, 0x06, 0x62, 0x07, 0x5F, 0x07, 0x5E, 0x09, 0x5C, 0x0B, 0x5A, 0x0B,
	0x59, 0x0C, 0x57, 0x0D, 0x56, 0x0E, 0x54, 0x0F, 0x54, 0x11, 0x52, 0x11,
	0x52, 0x12, 0x51, 0x13, 0x00, 0x79, 0x00, 0x73, 0x01, 0x6E, 0x02, 0x69,
	0x03, 0x66, 0x04, 0x62, 0x05, 0x5F, 0x06, 0x5D, 0x07, 0x5B, 0x08, 0x58,
	0x09, 0x56, 0x0B, 0x55, 0x0B, 0x53, 0x0D, 0x52, 0x0D, 0x50, 0x0F, 0x50,
	0x0F, 0x4E, 0x11, 0x4E, 0x11, 0x4D, 0x12, 0x4C, 0x41, 0x3D, 0x42, 0x3D,
	0x42, 0x3D, 0x41, 0x3D, 0x42, 0x3D, 0x42, 0x3D, 0x42, 0x3D, 0x41, 0x3D,
	0x42, 0x3D, 0x42, 0x3D, 0x42, 0x3D, 0x42, 0x3D, 0x42, 0x3D, 0x42, 0x3D,
	0x42, 0x3D, 0x41, 0x3D, 0x42, 0x3D, 0x42, 0x3D, 0x42, 0x3D, 0x42, 0x3D,
	0x00, 0x00, 0x00, 0x00, 0x00, 0x00, 0x00, 0x00, 0x00, 0x00, 0x00, 0x00,
	0x00, 0x00, 0x00, 0x00, 0x00, 0x00, 0x00, 0x00, 0x00, 0x00, 0x00, 0x00,
	0x00, 0x00, 0x00, 0x00, 0x00, 0x00, 0x00, 0x00, 0x00, 0x7E, 0x00, 0x7D,
	0x00, 0x79, 0x00, 0x73, 0x00, 0x6B, 0x00, 0x62, 0x00, 0x57, 0x00, 0x4C,
	0x00, 0x40, 0x00, 0x34, 0x00, 0x29, 0x00, 0x1E, 0x00, 0x13, 0x00, 0x09,
	0x00, 0x00, 0x08, 0x00, 0x00, 0x00, 0x00, 0x00, 0x00, 0x00, 0x00, 0x00,
	0x00, 0x00, 0x00, 0x00, 0x00, 0x00, 0x00, 0x00, 0x00, 0x00, 0x00, 0x00,
	0x00, 0x00, 0x00, 0x00, 0x00, 0x00, 0x00, 0x00, 0x00, 0x00, 0x00, 0x00,
	0x7E, 0x00, 0x7D, 0x00, 0x79, 0x00, 0x73, 0x00, 0x6B, 0x00, 0x62, 0x00,
	0x57, 0x00, 0x4C, 0x00, 0x40, 0x00, 0x34, 0x00, 0x29, 0x00, 0x1E, 0x00,
	0x13, 0x00, 0x09, 0x00, 0x00, 0x00, 0x00, 0x08, 0x00, 0x00, 0x00, 0x00,
	0x00, 0x00, 0x00, 0x00, 0x00, 0x00, 0x00, 0x00, 0x00, 0x00, 0x00, 0x00,
	0x00, 0x00, 0x00, 0x00, 0x00, 0x00, 0x00, 0x00, 0x00, 0x00, 0x00, 0x00,
	0x00, 0x00, 0x00, 0x00, 0x41, 0x3D, 0x41, 0x3D, 0x42, 0x3D, 0x41, 0x3D,
	0x42, 0x3D, 0x42, 0x3D, 0x42, 0x3D, 0x41, 0x3D, 0x42, 0x3D, 0x42, 0x3D,
	0x42, 0x3D, 0x42, 0x3D, 0x42, 0x3D, 0x42, 0x3D, 0x42, 0x3D, 0x41, 0x3D,
	0x42, 0x3D, 0x42, 0x3D, 0x42, 0x3D, 0x42, 0x3D, 0x7E, 0x00, 0x78, 0x00,
	0x74, 0x01, 0x6F, 0x02, 0x6C, 0x03, 0x68, 0x04, 0x65, 0x05, 0x62, 0x06,
	0x61, 0x07, 0x5F, 0x09, 0x5C, 0x09, 0x5B, 0x0B, 0x5A, 0x0B, 0x58, 0x0C,
	0x57, 0x0D, 0x55, 0x0E, 0x55, 0x0F, 0x54, 0x11, 0x52, 0x11, 0x52, 0x12,
	0x00, 0x79, 0x00, 0x74, 0x00, 0x6F, 0x02, 0x6A, 0x03, 0x66, 0x04, 0x63,
	0x05, 0x60, 0x05, 0x5E, 0x06, 0x5B, 0x07, 0x59, 0x09, 0x58, 0x09, 0x55,
	0x0B, 0x55, 0x0C, 0x53, 0x0D, 0x52, 0x0D, 0x50, 0x0F, 0x50, 0x0F, 0x4E,
	0x11, 0x4E, 0x11, 0x4D, 0x41, 0x3D, 0x41, 0x3D, 0x42, 0x3D, 0x41, 0x3D,
	0x42, 0x3D, 0x42, 0x3D, 0x42, 0x3D, 0x41, 0x3D, 0x42, 0x3D, 0x42, 0x3D,
	0x42, 0x3D, 0x42, 0x3D, 0x42, 0x3D, 0x42, 0x3D, 0x42, 0x3D, 0x41, 0x3D,
	0x42, 0x3D, 0x42, 0x3D, 0x42, 0x3D, 0x42, 0x3D, 0x00, 0x00, 0x00, 0x00,
	0x00, 0x00, 0x00, 0x00, 0x00, 0x00, 0x00, 0x00, 0x00, 0x00, 0x00, 0x00,
	0x00, 0x00, 0x00, 0x00, 0x00, 0x00, 0x00, 0x00, 0x00, 0x00, 0x00, 0x00,
	0x00, 0x00, 0x00, 0x00, 0x00, 0x7E, 0x00, 0x7D, 0x00, 0x7A, 0x00, 0x75,
	0x00, 0x6E, 0x00, 0x65, 0x00, 0x5B, 0x00, 0x51, 0x00, 0x46, 0x00, 0x3B,
	0x00, 0x30, 0x00, 0x26, 0x00, 0x1B, 0x00, 0x12, 0x00, 0x08, 0x00, 0x00,
	0x00, 0x00, 0x00, 0x00, 0x00, 0x00, 0x00, 0x00, 0x00, 0x00, 0x00, 0x00,
	0x00, 0x00, 0x00, 0x00, 0x00, 0x00, 0x00, 0x00, 0x00, 0x00, 0x00, 0x00,
	0x00, 0x00, 0x00, 0x00, 0x00, 0x00, 0x00, 0x00, 0x7E, 0x00, 0x7D, 0x00,
	0x7A, 0x00, 0x75, 0x00, 0x6E, 0x00, 0x65, 0x00, 0x5B, 0x00, 0x51, 0x00,
	0x46, 0x00, 0x3B, 0x00, 0x30, 0x00, 0x26, 0x00, 0x1B, 0x00, 0x12, 0x00,
	0x08, 0x00, 0x00, 0x00, 0x00, 0x00, 0x00, 0x00, 0x00, 0x00, 0x00, 0x00,
	0x00, 0x00, 0x00, 0x00, 0x00, 0x00, 0x00, 0x00, 0x00, 0x00, 0x00, 0x00,
	0x00, 0x00, 0x00, 0x00, 0x00, 0x00, 0x00, 0x00, 0x00, 0x00, 0x00, 0x00,
	0x41, 0x3D, 0x41, 0x3D, 0x42, 0x3D, 0x41, 0x3D, 0x42, 0x3D, 0x42, 0x3D,
	0x42, 0x3D, 0x41, 0x3D, 0x42, 0x3D, 0x42, 0x3D, 0x42, 0x3D, 0x42, 0x3D,
	0x42, 0x3D, 0x42, 0x3D, 0x42, 0x3D, 0x41, 0x3D, 0x42, 0x3D, 0x42, 0x3D,
	0x42, 0x3D, 0x42, 0x3D, 0x7E, 0x00, 0x79, 0x00, 0x74, 0x01, 0x70, 0x02,
	0x6C, 0x03, 0x69, 0x03, 0x66, 0x05, 0x63, 0x06, 0x62, 0x07, 0x5F, 0x07,
	0x5E, 0x09, 0x5C, 0x0A, 0x5A, 0x0B, 0x5A, 0x0C, 0x57, 0x0C, 0x56, 0x0E,
	0x55, 0x0E, 0x55, 0x0F, 0x54, 0x11, 0x52, 0x11, 0x00, 0x79, 0x00, 0x74,
	0x00, 0x70, 0x01, 0x6B, 0x02, 0x67, 0x03, 0x64, 0x04, 0x61, 0x05, 0x5F,
	0x06, 0x5D, 0x07, 0x5B, 0x08, 0x58, 0x09, 0x57, 0x0A, 0x55, 0x0B, 0x54,
	0x0C, 0x53, 0x0D, 0x51, 0x0E, 0x50, 0x0F, 0x50, 0x0F, 0x4E, 0x11, 0x4E,
	0x41, 0x3D, 0x41, 0x3D, 0x42, 0x3D, 0x41, 0x3D, 0x42, 0x3D, 0x42, 0x3D,
	0x42, 0x3D, 0x41, 0x3D, 0x42, 0x3D, 0x42, 0x3D, 0x42, 0x3D, 0x42, 0x3D,
	0x42, 0x3D, 0x42, 0x3D, 0x42, 0x3D, 0x41, 0x3D, 0x42, 0x3D, 0x42, 0x3D,
	0x42, 0x3D, 0x42, 0x3D,
};

// Search texture: 64x16 in D3DFMT_L8
static const unsigned int SMAA_SEARCHTEX_WIDTH = 64;
static const unsigned int SMAA_SEARCHTEX_HEIGHT = 16;

static const unsigned char g_SMAASearchTex[] = 
{
	0xFE, 0xFE, 0x00, 0x7F, 0x7F, 0x00, 0x00, 0xFE, 0xFE, 0x00, 0x7F, 0x7F,
	0x00, 0x00, 0x00, 0x00, 0x00, 0x00, 0x00, 0x00, 0x00, 0x7F, 0x7F, 0x00,
	0x7F, 0x7F, 0x00, 0x00, 0x7F, 0x7F, 0x00, 0x7F, 0x7F, 0xFE, 0x7F, 0x00,
	0x00, 0x00, 0x00, 0x00, 0x7F, 0x7F, 0x00, 0x00, 0x00, 0x00, 0x00, 0x00,
	0x00, 0x00, 0x00, 0x00, 0x00, 0x00, 0x00, 0x00, 0x00, 0x00, 0x00, 0x00,
	0x00, 0x00, 0x00, 0x00, 0xFE, 0xFE, 0x00, 0x7F, 0x7F, 0x00, 0x00, 0xFE,
	0xFE, 0x00, 0x7F, 0x7F, 0x00, 0x00, 0x00, 0x00, 0x00, 0x00, 0x00, 0x00,
	0x00, 0x7F, 0x7F, 0x00, 0x7F, 0x7F, 0x00, 0x00, 0x7F, 0x7F, 0x00, 0x7F,
	0x7F, 0xFE, 0x7F, 0x00, 0x00, 0x00, 0x00, 0x00, 0x7F, 0x7F, 0x00, 0x00,
	0x00, 0x00, 0x00, 0x00, 0x00, 0x00, 0x00, 0x00, 0x00, 0x00, 0x00, 0x00,
	0x00, 0x00, 0x00, 0x00, 0x00, 0x00, 0x00, 0x00, 0x00, 0x00, 0x00, 0x00,
	0x00, 0x00, 0x00, 0x00, 0x00, 0x00, 0x00, 0x00, 0x00, 0x00, 0x00, 0x00,
	0x00, 0x00, 0x00, 0x00, 0x00, 0x00, 0x00, 0x00, 0x00, 0x00, 0x00, 0x00,
	0x00, 0x00, 0x00, 0x00, 0x00, 0x00, 0x00, 0x00, 0x00, 0x00, 0x00, 0x00,
	0x00, 0x00, 0x00, 0x00, 0x00, 0x00, 0x00, 0x00, 0x00, 0x00, 0x00, 0x00,
	0x00, 0x00, 0x00, 0x00, 0x00, 0x00, 0x00, 0x00, 0x00, 0x00, 0x00, 0x00,
	0xFE, 0xFE, 0x00, 0x7F, 0x7F, 0x00, 0x00, 0xFE, 0xFE, 0x00, 0x7F, 0x7F,
	0x00, 0x00, 0x00, 0x00, 0x00, 0x00, 0x00, 0x00, 0x00, 0x7F, 0x7F, 0x00,
	0x7F, 0x7F, 0x00, 0x00, 0x7F, 0x7F, 0x00, 0x7F, 0x7F, 0xFE, 0x7F, 0x00,
	0x00, 0x00, 0x00, 0x00, 0x7F, 0x7F, 0x00, 0x00, 0x00, 0x00, 0x00, 0x00,
	0x00, 0x00, 0x00, 0x00, 0x00, 0x00, 0x00, 0x00, 0x00, 0x00, 0x00, 0x00,
	0x00, 0x00, 0x00, 0x00, 0xFE, 0xFE, 0x00, 0x7F, 0x7F, 0x00, 0x00, 0xFE,
	0xFE, 0x00, 0x7F, 0x7F, 0x00, 0x00, 0x00, 0x00, 0x00, 0x00, 0x00, 0x00,
	0x00, 0x7F, 0x7F, 0x00, 0x7F, 0x7F, 0x00, 0x00, 0x7F, 0x7F, 0x00, 0x7F,
	0x7F, 0xFE, 0x7F, 0x00, 0x00, 0x00, 0x00, 0x00, 0x7F, 0x7F, 0x00, 0x00,
	0x00, 0x00, 0x00, 0x00, 0x00, 0x00, 0x00, 0x00, 0x00, 0x00, 0x00, 0x00,
	0x00, 0x00, 0x00, 0x00, 0x00, 0x00, 0x00, 0x00, 0x00, 0x00, 0x00, 0x00,
	0x00, 0x00, 0x00, 0x00, 0x00, 0x00, 0x00, 0x00, 0x00, 0x00, 0x00, 0x00,
	0x00, 0x00, 0x00, 0x00, 0x00, 0x00, 0x00, 0x00, 0x00, 0x00, 0x00, 0x00,
	0x00, 0x00, 0x00, 0x00, 0x00, 0x00, 0x00, 0x00, 0x00, 0x00, 0x00, 0x00,
	0x00, 0x00, 0x00, 0x00, 0x00, 0x00, 0x00, 0x00, 0x00, 0x00, 0x00, 0x00,
	0x00, 0x00, 0x00, 0x00, 0x00, 0x00, 0x00, 0x00, 0x00, 0x00, 0x00, 0x00,
	0x00, 0x00, 0x00, 0x00, 0x00, 0x00, 0x00, 0x00, 0x00, 0x00, 0x00, 0x00,
	0x00, 0x00, 0x00, 0x00, 0x00, 0x00, 0x00, 0x00, 0x00, 0x00, 0x00, 0x00,
	0x00, 0x00, 0x00, 0x00, 0x00, 0x00, 0x00, 0x00, 0x00, 0x00, 0x00, 0x00,
	0x00, 0x00, 0x00, 0x00, 0x00, 0x00, 0x00, 0x00, 0x00, 0x00, 0x00, 0x00,
	0x00, 0x00, 0x00, 0x00, 0x00, 0x00, 0x00, 0x00, 0x00, 0x00, 0x00, 0x00,
	0x00, 0x00, 0x00, 0x00, 0x7F, 0x7F, 0x00, 0x7F, 0x7F, 0x00, 0x00, 0x7F,
	0x7F, 0x00, 0x7F, 0x7F, 0x00, 0x00, 0x00, 0x00, 0x00, 0x00, 0x00, 0x00,
	0x00, 0x7F, 0x7F, 0x00, 0x7F, 0x7F, 0x00, 0x00, 0x7F, 0x7F, 0x00, 0x7F,
	0x7F, 0x7F, 0x7F, 0x00, 0x00, 0x00, 0x00, 0x00, 0x7F, 0x7F, 0x00, 0x00,
	0x00, 0x00, 0x00, 0x00, 0x00, 0x00, 0x00, 0x00, 0x00, 0x00, 0x00, 0x00,
	0x00, 0x00, 0x00, 0x00, 0x00, 0x00, 0x00, 0x00, 0x7F, 0x7F, 0x00, 0x7F,
	0x7F, 0x00, 0x00, 0x7F, 0x7F, 0x00, 0x7F, 0x7F, 0x00, 0x00, 0x00, 0x00,
	0x00, 0x00, 0x00, 0x00, 0x00, 0x7F, 0x7F, 0x00, 0x7F, 0x7F, 0x00, 0x00,
	0x7F, 0x7F, 0x00, 0x7F, 0x7F, 0x7F, 0x7F, 0x00, 0x00, 0x00, 0x00, 0x00,
	0x7F, 0x7F, 0x00, 0x00, 0x00, 0x00, 0x00, 0x00, 0x00, 0x00, 0x00, 0x00,
	0x00, 0x00, 0x00, 0x00, 0x00, 0x00, 0x00, 0x00, 0x00, 0x00, 0x00, 0x00,
	0x00, 0x00, 0x00, 0x00, 0x00, 0x00, 0x00, 0x00, 0x00, 0x00, 0x00, 0x00,
	0x00, 0x00, 0x00, 0x00, 0x00, 0x00, 0x00, 0x00, 0x00, 0x00, 0x00, 0x00,
	0x00, 0x00, 0x00, 0x00, 0x00, 0x00, 0x00, 0x00, 0x00, 0x00, 0x00, 0x00,
	0x00, 0x00, 0x00, 0x00, 0x00, 0x00, 0x00, 0x00, 0x00, 0x00, 0x00, 0x00,
	0x00, 0x00, 0x00, 0x00, 0x00, 0x00, 0x00, 0x00, 0x00, 0x00, 0x00, 0x00,
	0x00, 0x00, 0x00, 0x00, 0x7F, 0x7F, 0x00, 0x7F, 0x7F, 0x00, 0x00, 0x7F,
	0x7F, 0x00, 0x7F, 0x7F, 0x00, 0x00, 0x00, 0x00, 0x00, 0x00, 0x00, 0x00,
	0x00, 0x7F, 0x7F, 0x00, 0x7F, 0x7F, 0x00, 0x00, 0x7F, 0x7F, 0x00, 0x7F,
	0x7F, 0x7F, 0x7F, 0x00, 0x00, 0x00, 0x00, 0x00, 0x7F, 0x7F, 0x00, 0x00,
	0x00, 0x00, 0x00, 0x00, 0x00, 0x00, 0x00, 0x00, 0x00, 0x00, 0x00, 0x00,
	0x00, 0x00, 0x00, 0x00, 0x00, 0x00, 0x00, 0x00, 0x7F, 0x7F, 0x00, 0x7F,
	0x7F, 0x00, 0x00, 0x7F, 0x7F, 0x00, 0x7F, 0x7F, 0x00, 0x00, 0x00, 0x00,
	0x00, 0x00, 0x00, 0x00, 0x00, 0x7F, 0x7F, 0x00, 0x7F, 0x7F, 0x00, 0x00,
	0x7F, 0x7F, 0x00, 0x7F, 0x7F, 0x7F, 0x7F, 0x00, 0x00, 0x00, 0x00, 0x00,
	0x7F, 0x7F, 0x00, 0x00, 0x00, 0x00, 0x00, 0x00, 0x00, 0x00, 0x00, 0x00,
	0x00, 0x00, 0x00, 0x00, 0x00, 0x00, 0x00, 0x00, 0x00, 0x00, 0x00, 0x00,
	0x00, 0x00, 0x00, 0x00, 0x00, 0x00, 0x00, 0x00, 0x00, 0x00, 0x00, 0x00,
	0x00, 0x00, 0x00, 0x00, 0x00, 0x00, 0x00, 0x00, 0x00, 0x00, 0x00, 0x00,
	0x00, 0x00, 0x00, 0x00, 0x00, 0x00, 0x00, 0x00, 0x00, 0x00, 0x00, 0x00,
	0x00, 0x00, 0x00, 0x00, 0x00, 0x00, 0x00, 0x00, 0x00, 0x00, 0x00, 0x00,
	0x00, 0x00, 0x00, 0x00, 0x00, 0x00, 0x00, 0x00, 0x00, 0x00, 0x00, 0x00,
	0x00, 0x00, 0x00, 0x00, 0x00, 0x00, 0x00, 0x00, 0x00, 0x00, 0x00, 0x00,
	0x00, 0x00, 0x00, 0x00, 0x00, 0x00, 0x00, 0x00, 0x00, 0x00, 0x00, 0x00,
	0x00, 0x00, 0x00, 0x00, 0x00, 0x00, 0x00, 0x00, 0x00, 0x00, 0x00, 0x00,
	0x00, 0x00, 0x00, 0x00, 0x00, 0x00, 0x00, 0x00, 0x00, 0x00, 0x00, 0x00,
	0x00, 0x00, 0x00, 0x00, 0x00, 0x00, 0x00, 0x00, 0x00, 0x00, 0x00, 0x00,
	0x00, 0x00, 0x00, 0x00, 0x00, 0x00, 0x00, 0x00, 0x00, 0x00, 0x00, 0x00,
	0x00, 0x00, 0x00, 0x00, 0x00, 0x00, 0x00, 0x00, 0x00, 0x00, 0x00, 0x00,
	0x00, 0x00, 0x00, 0x00, 0x00, 0x00, 0x00, 0x00, 0x00, 0x00, 0x00, 0x00,
	0x00, 0x00, 0x00, 0x00, 0x00, 0x00, 0x00, 0x00, 0x00, 0x00, 0x00, 0x00,
	0x00, 0x00, 0x00, 0x00, 0x00, 0x00, 0x00, 0x00, 0x00, 0x00, 0x00, 0x00,
	0x00, 0x00, 0x00, 0x00, 0x00, 0x00, 0x00, 0x00, 0x00, 0x00, 0x00, 0x00,
	0x00, 0x00, 0x00, 0x00, 0x00, 0x00, 0x00, 0x00, 0x00, 0x00, 0x00, 0x00,
	0x00, 0x00, 0x00, 0x00, 0x00, 0x00, 0x00, 0x00, 0x00, 0x00, 0x00, 0x00,
	0x00, 0x00, 0x00, 0x00, 0x00, 0x00, 0x00, 0x00, 0x00, 0x00, 0x00, 0x00,
	0x00, 0x00, 0x00, 0x00, 0x00, 0x00, 0x00, 0x00, 0x00, 0x00, 0x00, 0x00,
	0x00, 0x00, 0x00, 0x00, 0x00, 0x00, 0x00, 0x00, 0x00, 0x00, 0x00, 0x00,
	0x00, 0x00, 0x00, 0x00,
};